Name,Session,Time
ACT2111,L01-LEC(1056),TuTh 08:30 - 09:50
ACT2111,L02-LEC(1057),MoWe 10:30 - 11:50
ACT2111,L03-LEC(1058),MoWe 15:30 - 16:50
ACT2111,L04-LEC(1059),MoWe 08:30 - 09:50
ACT2111,L05-LEC(1060),MoWe 13:30 - 14:50
ACT2111,L06-LEC(1061),TuTh 10:30 - 11:50
ACT2111,L07-LEC(1062),TuTh 10:30 - 11:50
ACT2111,L08-LEC(1063),TuTh 13:30 - 14:50
ACT2111,L09-LEC(1064),TuTh 15:30 - 16:50
ACT2111,T01-TUT(1065),Fr 18:00 - 18:50
ACT2111,T02-TUT(1066),Fr 19:00 - 19:50
ACT2111,T03-TUT(1067),Th 20:00 - 20:50
ACT2111,T04-TUT(1068),Fr 18:00 - 18:50
ACT2111,T05-TUT(1069),Fr 19:00 - 19:50
ACT2111,T06-TUT(1070),Fr 20:00 - 20:50
ACT2111,T07-TUT(1071),Mo 18:00 - 18:50
ACT2111,T08-TUT(1072),Mo 19:00 - 19:50
ACT2111,T09-TUT(1073),Mo 20:00 - 20:50
ACT2111,T10-TUT(1074),Tu 18:00 - 18:50
ACT2111,T11-TUT(1075),Tu 19:00 - 19:50
ACT2111,T12-TUT(1076),Tu 20:00 - 20:50
ACT2111,T13-TUT(1077),We 18:00 - 18:50
ACT2111,T14-TUT(1078),We 19:00 - 19:50
ACT2111,T15-TUT(1079),We 20:00 - 20:50
ACT2111,T16-TUT(1080),Fr 18:00 - 18:50
ACT2111,T17-TUT(1081),Fr 19:00 - 19:50
ACT2111,T18-TUT(1082),Fr 20:00 - 20:50
ACT2121,L01-LEC(1546),TuTh 08:30 - 09:50
ACT2121,L02-LEC(1547),TuTh 10:30 - 11:50
ACT2121,L03-LEC(1548),TuTh 15:30 - 16:50
ACT2121,L04-LEC(1549),MoWe 13:30 - 14:50
ACT2121,T01-TUT(1550),Tu 18:00 - 18:50
ACT2121,T02-TUT(1551),Tu 19:00 - 19:50
ACT2121,T03-TUT(1552),Tu 20:00 - 20:50
ACT2121,T04-TUT(1553),We 18:00 - 18:50
ACT2121,T05-TUT(1554),We 19:00 - 19:50
ACT2121,T06-TUT(1555),We 20:00 - 20:50
ACT2121,T07-TUT(1556),Mo 18:00 - 18:50
ACT2121,T08-TUT(1557),Mo 19:00 - 19:50
ACT3011,L01-LEC(1985),TuTh 13:30 - 14:50
ACT3011,T01-TUT(1986),Th 19:00 - 19:50
ACT3011,T02-TUT(1987),Th 20:00 - 20:50
ACT3141,L01-LEC(1558),MoWe 08:30 - 09:50
ACT3141,L02-LEC(1559),MoWe 15:30 - 16:50
ACT3154,L01-LEC(2016),MoWe 10:30 - 11:50
ACT3154,L02-LEC(2017),MoWe 13:30 - 14:50
ACT3311,error!,
ACT3311,L02-LEC(2000),Mo 10:30 - 12:20&We 10:30 - 11:20
ACT3311,L01-LEC(1999),Mo 08:30 - 10:20&We 09:00 - 09:50
ACT4111,L01-LEC(1560),TuTh 10:30 - 11:50
ACT4111,L02-LEC(1561),TuTh 13:30 - 14:50
ACT4111,T01-TUT(1562),Tu 19:00 - 19:50
ACT4111,T02-TUT(1563),Tu 20:00 - 20:50
ACT4111,T03-TUT(1564),We 19:00 - 19:50
ACT4111,T04-TUT(1565),We 20:00 - 20:50
ACT4131,L01-LEC(1566),TuTh 08:30 - 09:50
ACT4131,L02-LEC(1567),TuTh 10:30 - 11:50
ACT4131,L03-LEC(1568),TuTh 18:30 - 19:50
ACT4252,L01-LEC(1927),MoWe 13:30 - 14:50
ACT4253,L01-LEC(1569),MoWe 08:30 - 09:50
ACT4253,L02-LEC(1570),MoWe 10:30 - 11:50
ACT4253,L03-LEC(1571),MoWe 13:30 - 14:50
ACT4253,L04-LEC(1572),TuTh 15:30 - 16:50
ACT4321,L01-LEC(1988),We 15:00 - 17:50
PSY1020,L01-LEC(2043),Tu 08:30 - 10:20
PSY1020,T01-TUT(2044),Fr 08:30 - 09:20
PSY1020,T02-TUT(2045),Fr 09:30 - 10:20
PSY2020,L01-LEC(2074),MoWe 15:30 - 16:50
PSY2040,L01-LEC(2046),MoWe 08:30 - 09:50
PSY2110,L01-LEC(2112),TuTh 10:30 - 11:50
PSY2120,L01-LEC(2047),MoWe 13:30 - 14:50
PSY2130,error!,
PSY2130,L01-LEC(2113),Th 15:00 - 16:20&Th 08:30 - 09:50
PSY3010,L01-LEC(2075),TuTh 13:30 - 14:50
PSY3110,L01-LEC(2114),TuTh 18:00 - 19:20
PSY3130,L01-LEC(2042),TuTh 18:00 - 19:20
PSY3150,L01-LEC(2079),MoWe 10:30 - 11:50
PSY4010,L01-LEC(2115),MoWe 10:30 - 11:50
PSY4020,L01-LEC(2116),TuTh 15:30 - 16:50
PSY4020,L02-LEC(2117),TuTh 13:30 - 14:50
PSY4130,error!,
PSY4130,L01-LEC(2118),We 09:00 - 10:20&We 13:30 - 14:50
PSY4180,L01-LEC(2078),MoWe 13:30 - 14:50
BIM2005,L01-LEC(1870),TuTh 10:30 - 11:50
BIM2005,T01-TUT(1871),Tu 19:00 - 19:50
BIM3007,L01-LEC(2012),MoWe 08:30 - 09:50
BIM3007,T01-TUT(2013),Mo 18:00 - 18:50
BIM3008,L01-LEC(2001),MoWe 13:30 - 14:50
BIM3008,T01-TUT(2002),Mo 19:00 - 19:50
BIM3010,L01-LEC(2014),TuTh 13:30 - 14:50
BIM3010,T01-TUT(2015),Tu 18:00 - 18:50
BIM3014,L01-LEC(2346),TuTh 08:30 - 09:50
BIM3014,T01-TUT(2347),Tu 19:00 - 19:50
BIM3020,L01-LEC(2485),MoWe 15:30 - 16:50
BIM3020,T01-TUT(2486),Tu 20:00 - 20:50
BIO1008,L01-LEC(2128),MoWe 08:30 - 09:50
BIO1008,L02-LEC(2129),MoWe 15:30 - 16:50
BIO2001,L01-LEC(2287),We 10:30 - 11:20
BIO2002,L01-LEC(2027),TuTh 13:30 - 14:50
BIO2002,T01-TUT(2028),We 18:00 - 18:50
BIO2002,T02-TUT(2029),We 18:00 - 18:50
BIO2002,T03-TUT(2030),We 18:00 - 18:50
BIO2101,LAB1-LAB(1883),Mo 15:00 - 17:50
BIO2101,LAB2-LAB(1884),We 15:00 - 17:50
BIO2101,T01-TUT(1885),Fr 09:30 - 10:20
BIO3001,L01-LEC(1868),TuTh 10:30 - 11:50
BIO3001,T01-TUT(1869),We 19:00 - 19:50
BIO3002,L01-LEC(2348),TuTh 08:30 - 09:50
BIO3002,T01-TUT(2349),We 18:00 - 18:50
BIO3003,L01-LEC(2350),MoWe 15:30 - 16:50
BIO3003,T01-TUT(2351),Tu 20:00 - 20:50
BIO3101,LAB1-LAB(2003),Th 15:00 - 17:50
BIO3101,LAB2-LAB(2004),Fr 09:00 - 11:50
BIO3214,L01-LEC(2080),TuTh 13:30 - 14:50
BIO3214,T01-TUT(2081),Mo 20:00 - 20:50
BIO3901,L01-LEC(2496),TBA
BIO3902,L01-LEC(2500),TBA
BIO3903,L01-LEC(2492),TBA
BIO3904,L01-LEC(2493),TBA
BIO4203,L01-LEC(2025),MoWe 13:30 - 14:50
BIO4203,T01-TUT(2026),We 20:00 - 20:50
BIO4901,L01-LEC(2352),Fr 10:30 - 11:50
BME3001,L01-LEC(2069),Mo 15:30 - 17:20
BME3001,T01-TUT(2070),Tu 18:00 - 18:50
BME3201,L01-LEC(2438),MoWe 10:30 - 11:50
BME3201,T01-TUT(2439),Fr 10:30 - 11:20
BME3320,L01-LEC(2031),MoWe 08:30 - 09:50
BME3320,T01-TUT(2032),Mo 18:00 - 18:50
BME4006,L01-LEC(2130),TuTh 15:30 - 16:50
BME4006,T01-TUT(2131),We 19:00 - 19:50
BME4008,L01-LEC(2275),TuTh 08:30 - 09:50
BME4008,T01-TUT(2276),We 20:00 - 20:50
BME4011,L01-LEC(2277),TuTh 10:30 - 11:50
BME4011,T01-TUT(2278),Th 18:00 - 18:50
BME4012,L01-LEC(2274),TBA
BME4013,L01-LEC(2323),TBA
CHM1001,L01-LEC(1354),MoWe 10:30 - 11:50
CHM1001,L02-LEC(1355),MoWe 15:30 - 16:50
CHM1001,L03-LEC(1356),TuTh 10:30 - 11:50
CHM1001,L04-LEC(1357),TuTh 15:30 - 16:50
CHM1001,L05-LEC(1358),TuTh 13:30 - 14:50
CHM1001,T01-TUT(1359),Mo 18:00 - 18:50
CHM1001,T02-TUT(1360),Mo 19:00 - 19:50
CHM1001,T03-TUT(1361),Mo 20:00 - 20:50
CHM1001,T04-TUT(1362),Tu 18:00 - 18:50
CHM1001,T05-TUT(1363),Tu 19:00 - 19:50
CHM1001,T06-TUT(1364),Tu 20:00 - 20:50
CHM1001,T07-TUT(1365),We 18:00 - 18:50
CHM1001,T08-TUT(1366),We 19:00 - 19:50
CHM1001,T09-TUT(1367),We 20:00 - 20:50
CHM1001,T10-TUT(1368),Th 18:00 - 18:50
CHM1001,T11-TUT(1369),Th 19:00 - 19:50
CHM1001,T12-TUT(1370),Th 20:00 - 20:50
CHM1001,T13-TUT(1371),Fr 18:00 - 18:50
CHM1001,T14-TUT(1372),Fr 19:00 - 19:50
CHM1001,T15-TUT(1373),Fr 20:00 - 20:50
CHM1002,LAB1-LAB(1573),Th 15:00 - 17:50
CHM1011,L01-LEC(2449),TuTh 15:30 - 16:50
CHM1011,T01-TUT(2450),Fr 19:00 - 19:50
CHM1011,T02-TUT(2451),Fr 20:00 - 20:50
CHM1011,T03-TUT(2452),Fr 18:00 - 18:50
CHM2002,L01-LEC(1578),MoWe 13:30 - 14:50
CHM2002,T01-TUT(1579),Mo 18:00 - 18:50
CHM2002,T02-TUT(1580),Mo 19:00 - 19:50
CHM2110,L01-LEC(2211),TuTh 15:30 - 16:50
CHM2110,T01-TUT(2212),Tu 19:00 - 19:50
CHM2110,T02-TUT(2213),Tu 20:00 - 20:50
CHM2210,L01-LEC(2125),TuTh 10:30 - 11:50
CHM2210,T01-TUT(2126),Tu 18:00 - 18:50
CHM2210,T02-TUT(2127),Tu 19:00 - 19:50
CHM2228,LAB1-LAB(2355),Fr 09:00 - 11:50
CHM2310,L01-LEC(1574),MoWe 10:30 - 11:50
CHM2310,T01-TUT(1575),Mo 18:00 - 18:50
CHM2310,T02-TUT(1576),Mo 19:00 - 19:50
CHM2310,T03-TUT(1577),Mo 20:00 - 20:50
CHM2317,L01-LEC(2019),MoWe 08:30 - 09:50
CHM2317,T01-TUT(2020),Mo 19:00 - 19:50
CHM2317,T02-TUT(2021),Mo 19:00 - 19:50
CHM2338,LAB1-LAB(2356),Tu 15:00 - 17:50
CHM3420,L01-LEC(2357),MoWe 15:30 - 16:50
CHM3420,T01-TUT(2358),We 18:00 - 18:50
CHM3420,T02-TUT(2359),We 19:00 - 19:50
CHM3530,L01-LEC(2341),TuTh 10:30 - 11:50
CHM3530,T01-TUT(2342),Tu 18:00 - 18:50
CHM3530,T02-TUT(2343),Tu 19:00 - 19:50
CHM4330,L01-LEC(2360),TuTh 08:30 - 09:50
CHM4330,T01-TUT(2361),We 18:00 - 18:50
CHM4330,T02-TUT(2362),We 19:00 - 19:50
CHI1000,L01-LEC(1083),Tu 13:30 - 14:50
CHI1000,L02-LEC(1084),Tu 15:30 - 16:50
CHI1000,L03-LEC(1085),Mo 10:30 - 11:50
CHI1000,L04-LEC(1086),Mo 13:30 - 14:50
CHI1000,L05-LEC(1087),Mo 13:30 - 14:50
CHI1000,L06-LEC(1088),Mo 15:30 - 16:50
CHI1000,L07-LEC(1089),Mo 08:30 - 09:50
CHI1000,L08-LEC(1090),Mo 10:30 - 11:50
CHI1000,L09-LEC(1091),Tu 08:30 - 09:50
CHI1000,L10-LEC(1092),Tu 10:30 - 11:50
CHI1000,L11-LEC(1093),Mo 13:30 - 14:50
CHI1000,L12-LEC(1094),Mo 15:30 - 16:50
CHI1000,L13-LEC(1095),Tu 13:30 - 14:50
CHI1000,L14-LEC(1096),Tu 15:30 - 16:50
CHI1000,L15-LEC(1097),Mo 08:30 - 09:50
CHI1000,L16-LEC(1098),Mo 10:30 - 11:50
CHI1000,L17-LEC(1099),Tu 08:30 - 09:50
CHI1000,L18-LEC(1100),Tu 10:30 - 11:50
CHI1000,L19-LEC(1101),Mo 13:30 - 14:50
CHI1000,L20-LEC(1102),Mo 15:30 - 16:50
CHI1000,L21-LEC(1103),Tu 13:30 - 14:50
CHI1000,L22-LEC(1104),Tu 15:30 - 16:50
CHI1000,L23-LEC(1105),Mo 08:30 - 09:50
CHI1000,L24-LEC(1106),Mo 10:30 - 11:50
CHI1000,L25-LEC(1107),Tu 08:30 - 09:50
CHI1000,L26-LEC(1108),Tu 10:30 - 11:50
CHI1000,L27-LEC(1109),Tu 10:30 - 11:50
CHI1000,T01-TUT(1110),Th 13:30 - 14:50
CHI1000,T02-TUT(1111),Th 15:30 - 16:50
CHI1000,T03-TUT(1112),We 10:30 - 11:50
CHI1000,T04-TUT(1113),We 13:30 - 14:50
CHI1000,T05-TUT(1114),We 13:30 - 14:50
CHI1000,T06-TUT(1115),We 15:30 - 16:50
CHI1000,T07-TUT(1116),We 08:30 - 09:50
CHI1000,T08-TUT(1117),We 10:30 - 11:50
CHI1000,T09-TUT(1118),Th 08:30 - 09:50
CHI1000,T10-TUT(1119),Th 10:30 - 11:50
CHI1000,T11-TUT(1120),We 13:30 - 14:50
CHI1000,T12-TUT(1121),We 15:30 - 16:50
CHI1000,T13-TUT(1122),Th 13:30 - 14:50
CHI1000,T14-TUT(1123),Th 15:30 - 16:50
CHI1000,T15-TUT(1124),We 08:30 - 09:50
CHI1000,T16-TUT(1125),We 10:30 - 11:50
CHI1000,T17-TUT(1126),Th 08:30 - 09:50
CHI1000,T18-TUT(1127),Th 10:30 - 11:50
CHI1000,T19-TUT(1128),We 13:30 - 14:50
CHI1000,T20-TUT(1129),We 15:30 - 16:50
CHI1000,T21-TUT(1130),Th 13:30 - 14:50
CHI1000,T22-TUT(1131),Th 15:30 - 16:50
CHI1000,T23-TUT(1132),We 08:30 - 09:50
CHI1000,T24-TUT(1133),We 10:30 - 11:50
CHI1000,T25-TUT(1134),Th 08:30 - 09:50
CHI1000,T26-TUT(1135),Th 10:30 - 11:50
CHI1000,T27-TUT(1136),Th 10:30 - 11:50
CHI2010,L01-LEC(1949),WeFr 10:30 - 12:20
CLC1101,error!,
CLC1101,L03-LEC(1934),TuTh 10:30 - 11:50
CLC1101,L02-LEC(1933),TuTh 08:30 - 09:50
CLC1101,L01-LEC(1932),MoWe 10:30 - 11:50
CLC1201,error!,
CLC1201,L04-LEC(1938),TuTh 13:30 - 14:50
CLC1201,L03-LEC(1937),TuTh 08:30 - 09:50
CLC1201,L02-LEC(1936),MoWe 10:30 - 11:50
CLC1201,L01-LEC(1935),MoWe 08:30 - 09:50
CLC1301,error!,
CLC1301,L03-LEC(1941),TuTh 13:30 - 14:50
CLC1301,L02-LEC(1940),TuTh 10:30 - 11:50
CLC1301,L01-LEC(1939),MoWe 13:30 - 14:50
CLC1401,error!,
CLC1401,L01-LEC(1942),MoWe 08:30 - 09:50
CEC1000,L01-LEC(2177),Tu 18:00 - 20:50
CEC1000,L02-LEC(2178),Th 18:00 - 20:50
CEC1000,L03-LEC(2179),Fr 08:30 - 11:20
CEC1000,L04-LEC(2180),Fr 14:30 - 17:20
CEC1000,L05-LEC(2181),Th 18:00 - 20:50
CEC1000,L06-LEC(2182),We 18:00 - 20:50
CEC1000,L07-LEC(2183),Fr 18:00 - 20:50
CEC1000,L08-LEC(2184),Fr 14:30 - 17:20
CEC1000,L09-LEC(2185),Mo 18:00 - 20:50
CEC1000,L10-LEC(2186),Th 18:00 - 20:50
CEC1000,L11-LEC(2187),We 18:00 - 20:50
CEC1000,L12-LEC(2188),Fr 18:00 - 20:50
CEC1000,L13-LEC(2189),We 18:00 - 20:50
CEC1000,L14-LEC(2190),Th 18:00 - 20:50
CEC1000,L15-LEC(2191),Fr 09:00 - 11:50
CEC1000,L16-LEC(2192),Fr 14:30 - 17:20
CEC2000,L01-LEC(2284),Fr 09:00 - 11:50
CEC2000,L02-LEC(2285),Fr 14:30 - 17:20
CEC2000,L03-LEC(2286),Th 18:00 - 20:50
CEC3000,L01-LEC(2306),Fr 18:00 - 20:50
CEC3000,L02-LEC(2307),Fr 14:30 - 17:20
CEC3000,L03-LEC(2308),Fr 09:00 - 11:50
CEC3000,L04-LEC(2309),Fr 14:30 - 17:20
CEC3000,L05-LEC(2310),Fr 18:00 - 20:50
CEC3000,L06-LEC(2311),Th 18:00 - 20:50
CEC3000,L07-LEC(2312),Th 18:00 - 20:50
CEC4000,L01-LEC(2296),Fr 14:30 - 17:20
CEC4000,L02-LEC(2297),Tu 18:00 - 20:50
CEC4000,L03-LEC(2298),Fr 08:30 - 11:20
CEC4000,L04-LEC(2299),We 18:00 - 20:50
CEC4000,L05-LEC(2300),Fr 18:00 - 20:50
CEC4000,L06-LEC(2301),We 18:00 - 20:50
CEC4000,L07-LEC(2302),Fr 08:30 - 11:20
CEC4000,L08-LEC(2303),Th 18:00 - 20:50
CEC4000,L09-LEC(2304),Fr 14:30 - 17:20
CEC4000,L10-LEC(2305),Fr 14:30 - 17:20
CSC1001,L01-LEC(1692),MoWe 10:30 - 11:50
CSC1001,L02-LEC(1693),MoWe 13:30 - 14:50
CSC1001,L03-LEC(1694),MoWe 15:30 - 16:50
CSC1003,error!,
CSC1003,T02-TUT(2219),Tu 18:00 - 18:50
CSC1003,T01-TUT(2218),Mo 20:00 - 20:50
CSC1003,L01-LEC(2217),Mo 15:30 - 17:20&We 15:30 - 16:20
CSC1005,L01-LEC(2453),MoWe 13:30 - 14:50
CSC1005,L02-LEC(2454),MoWe 15:30 - 16:50
CSC1005,T01-TUT(2455),Mo 18:00 - 18:50
CSC3001,L01-LEC(1712),TuTh 13:30 - 14:50
CSC3001,T01-TUT(1713),We 18:00 - 18:50
CSC3001,T02-TUT(1714),We 19:00 - 19:50
CSC3002,L01-LEC(1716),MoWe 13:30 - 14:50
CSC3002,L02-LEC(1717),MoWe 10:30 - 11:50
CSC3002,T01-TUT(1718),Tu 18:00 - 18:50
CSC3050,L01-LEC(1723),TuTh 10:30 - 11:50
CSC3050,T01-TUT(1724),We 18:00 - 18:50
CSC3050,T02-TUT(1725),We 19:00 - 19:50
CSC3100,L01-LEC(1727),TuTh 08:30 - 09:50
CSC3100,L02-LEC(1728),MoWe 15:30 - 16:50
CSC3100,T01-TUT(1729),Tu 18:00 - 18:50
CSC3150,L01-LEC(1734),TuTh 15:30 - 16:50
CSC3150,T01-TUT(1735),We 19:00 - 19:50
CSC3150,T02-TUT(1736),We 20:00 - 20:50
CSC3160,L01-LEC(2288),TuTh 08:30 - 09:50
CSC3170,L01-LEC(1739),TuTh 09:00 - 10:20
CSC3170,T01-TUT(1740),Th 18:00 - 18:50
CSC3185,L01-LEC(1741),TuWe 15:30 - 16:50
CSC3185,T01-TUT(1742),We 18:00 - 18:50
CSC4005,L01-LEC(1743),WeFr 10:30 - 11:50
CSC4005,T01-TUT(1744),Fr 18:00 - 18:50
CSC4005,T02-TUT(1745),Fr 19:00 - 19:50
CSC4005,T03-TUT(1746),Fr 20:00 - 20:50
CSC4160,L01-LEC(1753),MoWe 10:30 - 11:50
CSC4160,T01-TUT(1754),Mo 18:00 - 18:50
DDA2081,P01-PRA(2058),TBA
DDA2082,P01-PRA(2059),TBA
DDA2083,P01-PRA(2060),TBA
DDA3005,L01-LEC(2089),MoWe 13:30 - 14:50
DDA3005,T01-TUT(2090),Tu 18:00 - 18:50
DDA3005,T02-TUT(2091),Tu 19:00 - 19:50
DDA3010,L01-LEC(2344),TuTh 15:30 - 16:50
DDA3010,T01-TUT(2345),We 18:00 - 18:50
DDA3020,L01-LEC(1747),TuTh 13:30 - 14:50
DDA3020,L02-LEC(1748),TuTh 10:30 - 11:50
DDA3020,T01-TUT(1749),Tu 19:00 - 19:50
DDA3020,T02-TUT(1750),Tu 20:00 - 20:50
DDA3020,T03-TUT(1751),We 19:00 - 19:50
DDA3020,T04-TUT(1752),We 20:00 - 20:50
DDA3600,L01-LEC(2447),MoWe 10:30 - 11:50
DDA3600,T01-TUT(2448),Tu 19:00 - 19:50
DDA4002,L01-LEC(2895),MoWe 15:30 - 16:50
DDA4002,T01-TUT(2896),Tu 18:00 - 18:50
DDA4100,P01-PRA(2061),TBA
DDA4230,L01-LEC(2056),TuTh 13:30 - 14:50
DDA4230,T01-TUT(2057),We 18:00 - 18:50
DDA4250,L01-LEC(2054),TuTh 15:30 - 16:50
DDA4250,T01-TUT(2055),We 18:00 - 18:50
DDA4260,L01-LEC(2175),TuTh 15:30 - 16:50
DDA4260,T01-TUT(2176),Tu 20:00 - 20:50
DDA4340,L01-LEC(2443),MoTu 15:30 - 17:20
DDA4340,T01-TUT(2444),We 18:00 - 18:50
DMS2030,L01-LEC(1673),TuTh 15:30 - 16:50
ECO2011,L01-LEC(1023),MoWe 15:30 - 16:50
ECO2011,L02-LEC(1024),MoWe 10:30 - 11:50
ECO2011,L03-LEC(1025),MoWe 13:30 - 14:50
ECO2011,L04-LEC(1026),TuTh 10:30 - 11:50
ECO2011,L05-LEC(1027),TuTh 13:30 - 14:50
ECO2011,L06-LEC(1028),TuTh 13:30 - 14:50
ECO2011,L07-LEC(1029),TuTh 15:30 - 16:50
ECO2011,L08-LEC(1030),MoWe 08:30 - 09:50
ECO2011,L09-LEC(1031),MoWe 10:30 - 11:50
ECO2011,L10-LEC(1032),TuTh 08:30 - 09:50
ECO2011,L11-LEC(1033),TuTh 10:30 - 11:50
ECO2011,T01-TUT(1034),Tu 18:00 - 18:50
ECO2011,T02-TUT(1035),Tu 19:00 - 19:50
ECO2011,T03-TUT(1036),Tu 18:00 - 18:50
ECO2011,T04-TUT(1037),Tu 19:00 - 19:50
ECO2011,T05-TUT(1038),Tu 20:00 - 20:50
ECO2011,T06-TUT(1039),We 18:00 - 18:50
ECO2011,T07-TUT(1040),We 19:00 - 19:50
ECO2011,T08-TUT(1041),We 20:00 - 20:50
ECO2011,T09-TUT(1042),Th 18:00 - 18:50
ECO2011,T10-TUT(1043),Th 19:00 - 19:50
ECO2011,T11-TUT(1044),Tu 19:00 - 19:50
ECO2011,T12-TUT(1045),Tu 20:00 - 20:50
ECO2011,T13-TUT(1046),We 19:00 - 19:50
ECO2011,T14-TUT(1047),We 20:00 - 20:50
ECO2011,T15-TUT(1048),Mo 18:00 - 18:50
ECO2011,T16-TUT(1049),Tu 18:00 - 18:50
ECO2011,T17-TUT(1050),Mo 20:00 - 20:50
ECO2011,T18-TUT(1051),We 19:00 - 19:50
ECO2011,T19-TUT(1052),We 20:00 - 20:50
ECO2011,T20-TUT(1053),Th 18:00 - 18:50
ECO2011,T21-TUT(1054),Th 20:00 - 20:50
ECO2011,T22-TUT(1055),Tu 19:00 - 19:50
ECO2021,L01-LEC(1258),MoWe 10:30 - 11:50
ECO2021,L02-LEC(1259),MoWe 13:30 - 14:50
ECO2021,L03-LEC(1260),MoWe 15:30 - 16:50
ECO2021,L04-LEC(1261),TuTh 08:30 - 09:50
ECO2021,L05-LEC(1262),TuTh 10:30 - 11:50
ECO2021,L06-LEC(1263),TuTh 13:30 - 14:50
ECO2021,T01-TUT(1264),Tu 18:00 - 18:50
ECO2021,T02-TUT(1265),Tu 19:00 - 19:50
ECO2021,T03-TUT(1266),Tu 20:00 - 20:50
ECO2021,T04-TUT(1267),We 18:00 - 18:50
ECO2021,T05-TUT(1268),We 19:00 - 19:50
ECO2021,T06-TUT(1269),We 20:00 - 20:50
ECO2021,T07-TUT(1270),Th 18:00 - 18:50
ECO2021,T08-TUT(1271),Th 19:00 - 19:50
ECO2021,T09-TUT(1272),Th 20:00 - 20:50
ECO2021,T10-TUT(1273),Fr 18:00 - 18:50
ECO2021,T11-TUT(1274),Fr 19:00 - 19:50
ECO2021,T12-TUT(1275),Fr 20:00 - 20:50
ECO3080,L01-LEC(1979),MoWe 13:30 - 14:50
ECO3080,L02-LEC(1980),MoWe 15:30 - 16:50
ECO3080,T01-TUT(1981),Tu 19:00 - 19:50
ECO3080,T02-TUT(1982),Tu 20:00 - 20:50
ECO3080,T03-TUT(1983),We 19:00 - 19:50
ECO3080,T04-TUT(1984),We 20:00 - 20:50
ECO3110,L01-LEC(1969),MoWe 15:30 - 16:50
ECO3110,T01-TUT(1970),We 19:00 - 19:50
ECO3110,T02-TUT(1971),We 20:00 - 20:50
ECO3121,L01-LEC(1496),MoWe 08:30 - 09:50
ECO3121,L02-LEC(1497),MoWe 10:30 - 11:50
ECO3121,L03-LEC(1498),TuTh 13:30 - 14:50
ECO3121,L04-LEC(1499),TuTh 15:30 - 16:50
ECO3121,T01-TUT(1500),Tu 18:00 - 18:50
ECO3121,T02-TUT(1501),Tu 19:00 - 19:50
ECO3121,T03-TUT(1502),Mo 19:00 - 19:50
ECO3121,T04-TUT(1503),Mo 20:00 - 20:50
ECO3121,T05-TUT(1504),We 19:00 - 19:50
ECO3121,T06-TUT(1505),We 20:00 - 20:50
ECO3121,T07-TUT(1506),Th 19:00 - 19:50
ECO3121,T08-TUT(1507),Th 20:00 - 20:50
ECO3160,L01-LEC(1581),TuTh 15:30 - 16:50
ECO3160,T01-TUT(1582),We 19:00 - 19:50
ECO3160,T02-TUT(1583),We 20:00 - 20:50
ECO3211,L01-LEC(1797),TuTh 08:30 - 09:50
ECO3211,T01-TUT(1798),Th 19:00 - 19:50
ECO3211,T02-TUT(1799),Th 20:00 - 20:50
ECO3430,L01-LEC(1584),MoWe 08:30 - 09:50
ECO3430,T01-TUT(1585),Mo 18:00 - 18:50
ECO3430,T02-TUT(1586),Mo 19:00 - 19:50
ECO3470,L01-LEC(1587),MoWe 10:30 - 11:50
ECO3470,T01-TUT(1588),Mo 19:00 - 19:50
ECO3470,T02-TUT(1589),Mo 20:00 - 20:50
ECO3480,L01-LEC(1590),TuTh 13:30 - 14:50
ECO3480,T01-TUT(1591),Th 18:00 - 18:50
ECO3480,T02-TUT(1592),Th 19:00 - 19:50
ECO3710,L01-LEC(2018),Tu 18:00 - 20:50
ECO4121,L01-LEC(1832),MoWe 10:30 - 11:50
ECO4121,L02-LEC(1833),MoWe 13:30 - 14:50
ECE1810,error!,
ECE1810,LAB1-LAB(1820),Fr 09:00 - 11:50
ECE3001,L01-LEC(1782),MoWe 10:30 - 11:50
ECE3001,T01-TUT(1783),Mo 18:00 - 18:50
ECE3050,L01-LEC(2799),TuTh 10:30 - 11:50
ECE3050,T01-TUT(2800),Tu 18:00 - 18:50
ECE3050,T02-TUT(2801),Tu 19:00 - 19:50
ECE3060,L01-LEC(2897),MoWe 08:30 - 10:20
ECE3060,T01-TUT(2898),Tu 18:00 - 18:50
ECE3060,T02-LEC(2899),Tu 19:00 - 19:50
ECE3080,error!,
ECE3080,T02-TUT(2861),Tu 19:00 - 19:50
ECE3080,T01-TUT(2860),Tu 18:00 - 18:50
ECE3080,L01-LEC(2859),We 13:30 - 15:20&Mo 13:30 - 14:20
ECE3200,L01-LEC(2085),MoWe 10:30 - 11:50
ECE3200,T01-TUT(2086),Mo 18:00 - 18:50
ECE3200,T02-TUT(2087),Mo 19:00 - 19:50
ECE3201,L01-LEC(2900),TuTh 15:30 - 16:50
ECE3201,T01-TUT(2901),We 20:00 - 20:50
ECE3810,error!,
ECE3810,LAB2-LAB(2866),We 15:30 - 18:20
ECE3810,LAB1-LAB(2865),Mo 15:00 - 17:50
ECE4016,L01-LEC(2251),TuTh 10:30 - 11:50
ECE4016,T01-TUT(2252),Tu 18:00 - 18:50
ECE4016,T02-TUT(2253),Tu 19:00 - 19:50
ECE4016,T03-TUT(2254),We 18:00 - 18:50
ECE4016,T04-TUT(2255),We 19:00 - 19:50
EIE2001,L01-LEC(1815),MoWe 13:30 - 14:50
EIE2001,T01-TUT(1816),We 19:00 - 19:50
EIE2001,T02-TUT(1817),We 20:00 - 20:50
EIE2001,T03-TUT(1818),Th 19:00 - 19:50
EIE2001,T04-TUT(1819),Th 20:00 - 20:50
EIE3510,L01-LEC(2005),MoWe 09:00 - 10:20
EIE3510,T01-TUT(2006),Mo 18:00 - 18:50
EIE3510,T02-TUT(2007),Mo 19:00 - 19:50
EIE4003,L01-LEC(1787),TuTh 13:30 - 14:50
EIE4003,T01-TUT(1788),Th 18:00 - 18:50
EIE4003,T02-TUT(1789),Th 19:00 - 19:50
EIE4007,L01-LEC(1790),TuTh 10:30 - 11:50
EIE4007,T01-TUT(1791),Th 18:00 - 18:50
EIE4007,T02-TUT(1792),Th 19:00 - 19:50
EIE4007,T03-TUT(1793),Th 20:00 - 20:50
ENE3004,L01-LEC(1680),MoWe 15:30 - 16:50
ENE3004,T01-TUT(1681),Tu 18:00 - 18:50
ENE3004,T02-TUT(1682),Tu 19:00 - 19:50
ENE3050,L01-LEC(1683),TuTh 13:30 - 14:50
ENE3050,T01-TUT(1684),We 19:00 - 19:50
ENE3050,T02-TUT(1685),We 20:00 - 20:50
ENE4003,L01-LEC(1686),TuTh 10:30 - 11:50
ENE4003,T01-TUT(1687),Th 18:00 - 18:50
ENE4003,T02-TUT(1688),Th 19:00 - 19:50
ENE4005,L01-LEC(1689),TuTh 15:30 - 16:50
ENE4005,T01-TUT(1690),We 19:00 - 19:50
ENE4005,T02-TUT(1691),We 20:00 - 20:50
ENE4008,L01-LEC(1972),MoWe 09:00 - 10:20
ENE4008,T01-TUT(1973),Mo 19:00 - 19:50
ENE4008,T02-TUT(1974),Mo 20:00 - 20:50
ENG1001,L01-LEC(1137),MoWe 08:30 - 09:50
ENG1001,L02-LEC(1138),MoWe 10:30 - 11:50
ENG1001,L03-LEC(1139),TuTh 08:30 - 09:50
ENG1001,L04-LEC(1140),TuTh 10:30 - 11:50
ENG1001,L05-LEC(1141),MoWe 08:30 - 09:50
ENG1001,L06-LEC(1142),MoWe 10:30 - 11:50
ENG1001,L07-LEC(1143),TuTh 08:30 - 09:50
ENG1001,L08-LEC(1144),TuTh 10:30 - 11:50
ENG1001,L09-LEC(1145),MoWe 08:30 - 09:50
ENG1001,L10-LEC(1146),MoWe 10:30 - 11:50
ENG1001,L11-LEC(1147),TuTh 08:30 - 09:50
ENG1001,L12-LEC(1148),TuTh 10:30 - 11:50
ENG1001,L13-LEC(1149),MoWe 08:30 - 09:50
ENG1001,L14-LEC(1150),MoWe 10:30 - 11:50
ENG1001,L15-LEC(1151),TuTh 08:30 - 09:50
ENG1001,L16-LEC(1152),TuTh 10:30 - 11:50
ENG1001,L17-LEC(1153),MoWe 08:30 - 09:50
ENG1001,L18-LEC(1154),MoWe 10:30 - 11:50
ENG1001,L19-LEC(1155),TuTh 08:30 - 09:50
ENG1001,L20-LEC(1156),TuTh 10:30 - 11:50
ENG1001,L21-LEC(1157),MoWe 08:30 - 09:50
ENG1001,L22-LEC(1158),MoWe 10:30 - 11:50
ENG1001,L23-LEC(1159),TuTh 08:30 - 09:50
ENG1001,L24-LEC(1160),TuTh 10:30 - 11:50
ENG1001,L25-LEC(1161),MoWe 08:30 - 09:50
ENG1001,L26-LEC(1162),MoWe 10:30 - 11:50
ENG1001,L27-LEC(1163),TuTh 08:30 - 09:50
ENG1001,L28-LEC(1164),TuTh 10:30 - 11:50
ENG1001,L29-LEC(1165),MoWe 13:30 - 14:50
ENG1001,L30-LEC(1166),MoWe 15:30 - 16:50
ENG1001,L31-LEC(1167),TuTh 13:30 - 14:50
ENG1001,L32-LEC(1168),TuTh 15:30 - 16:50
ENG1001,L33-LEC(1169),MoWe 13:30 - 14:50
ENG1001,L34-LEC(1170),MoWe 15:30 - 16:50
ENG1001,L35-LEC(1171),TuTh 13:30 - 14:50
ENG1001,L36-LEC(1172),TuTh 15:30 - 16:50
ENG1001,L37-LEC(1173),MoWe 13:30 - 14:50
ENG1001,L38-LEC(1174),MoWe 15:30 - 16:50
ENG1001,L39-LEC(1175),TuTh 13:30 - 14:50
ENG1001,L40-LEC(1176),TuTh 15:30 - 16:50
ENG1001,L41-LEC(1177),MoWe 13:30 - 14:50
ENG1001,L42-LEC(1178),MoWe 15:30 - 16:50
ENG1001,L43-LEC(1179),TuTh 13:30 - 14:50
ENG1001,L44-LEC(1180),TuTh 15:30 - 16:50
ENG1001,L45-LEC(1181),MoWe 13:30 - 14:50
ENG1001,L46-LEC(1182),MoWe 15:30 - 16:50
ENG1001,L47-LEC(1183),TuTh 13:30 - 14:50
ENG1001,L48-LEC(1184),TuTh 15:30 - 16:50
ENG1001,L49-LEC(1185),MoWe 13:30 - 14:50
ENG1001,L50-LEC(1186),MoWe 15:30 - 16:50
ENG1001,L51-LEC(1187),TuTh 13:30 - 14:50
ENG1001,L52-LEC(1188),TuTh 15:30 - 16:50
ENG1001,L53-LEC(1189),MoWe 13:30 - 14:50
ENG1001,L54-LEC(1190),TuTh 13:30 - 14:50
ENG1001,L55-LEC(1191),TuTh 15:30 - 16:50
ENG1001,L56-LEC(1192),MoWe 13:30 - 14:50
ENG1001,L57-LEC(1193),MoWe 15:30 - 16:50
ENG1001,L01-LEC(2473),MoWe 08:30 - 09:50
ENG1001,L02-LEC(2474),MoWe 10:30 - 11:50
ENG1001,L03-LEC(2475),TuTh 13:30 - 14:50
ENG1001,L04-LEC(2476),TuTh 15:30 - 16:50
ENG1001,L01-LEC(2143),MoWe 13:30 - 14:50
ENG1001,L02-LEC(2144),MoWe 15:30 - 16:50
ENG1001,L03-LEC(2145),TuTh 13:30 - 14:50
ENG1001,L04-LEC(2146),TuTh 15:30 - 16:50
ENG2001,L01-LEC(1429),MoWe 08:30 - 09:50
ENG2001,L02-LEC(1430),MoWe 10:30 - 11:50
ENG2001,L03-LEC(1431),TuTh 08:30 - 09:50
ENG2001,L04-LEC(1432),TuTh 10:30 - 11:50
ENG2001,L05-LEC(1433),TuTh 13:30 - 14:50
ENG2001,L06-LEC(1434),TuTh 15:30 - 16:50
ENG2001,L07-LEC(1435),MoWe 13:30 - 14:50
ENG2001,L08-LEC(1436),TuTh 08:30 - 09:50
ENG2001,L09-LEC(1437),TuTh 10:30 - 11:50
ENG2001,L10-LEC(1438),MoWe 08:30 - 09:50
ENG2001,L11-LEC(1439),MoWe 10:30 - 11:50
ENG2001,L12-LEC(1440),TuTh 08:30 - 09:50
ENG2001,L13-LEC(1441),TuTh 10:30 - 11:50
ENG2001,L14-LEC(1442),TuTh 13:30 - 14:50
ENG2001,L15-LEC(1443),TuTh 15:30 - 16:50
ENG2001,L16-LEC(1444),MoWe 13:30 - 14:50
ENG2001,L17-LEC(1445),MoWe 15:30 - 16:50
ENG2001,L18-LEC(1446),TuTh 13:30 - 14:50
ENG2001,L19-LEC(1447),TuTh 15:30 - 16:50
ENG2001,L20-LEC(1448),MoWe 08:30 - 09:50
ENG2001,L21-LEC(1449),MoWe 10:30 - 11:50
ENG2001,L22-LEC(1450),TuTh 08:30 - 09:50
ENG2001,L23-LEC(1451),TuTh 10:30 - 11:50
ENG2001,L24-LEC(1452),MoWe 13:30 - 14:50
ENG2001,L25-LEC(1453),MoWe 15:30 - 16:50
ENG2001,L26-LEC(1454),MoWe 13:30 - 14:50
ENG2001,L27-LEC(1455),MoWe 15:30 - 16:50
ENG2001,L28-LEC(1456),TuTh 13:30 - 14:50
ENG2001,L29-LEC(1457),TuTh 15:30 - 16:50
ENG2001,L30-LEC(1458),MoWe 08:30 - 09:50
ENG2001,L31-LEC(1459),MoWe 10:30 - 11:50
ENG2001,L32-LEC(1460),TuTh 08:30 - 09:50
ENG2001,L33-LEC(1461),TuTh 10:30 - 11:50
ENG2001,L34-LEC(1462),MoWe 08:30 - 09:50
ENG2001,L35-LEC(1463),MoWe 10:30 - 11:50
ENG2001,L36-LEC(1464),TuTh 08:30 - 09:50
ENG2001,L37-LEC(1465),TuTh 10:30 - 11:50
ENG2001,L38-LEC(1466),MoWe 08:30 - 09:50
ENG2001,L39-LEC(1467),MoWe 10:30 - 11:50
ENG2001,L40-LEC(1468),TuTh 08:30 - 09:50
ENG2001,L41-LEC(1469),TuTh 10:30 - 11:50
ENG2001,L42-LEC(1470),MoWe 13:30 - 14:50
ENG2001,L43-LEC(1471),MoWe 15:30 - 16:50
ENG2001,L44-LEC(1472),TuTh 13:30 - 14:50
ENG2001,L45-LEC(1473),TuTh 15:30 - 16:50
ENG2001,L46-LEC(1474),TuTh 13:30 - 14:50
ENG2001,L47-LEC(1475),TuTh 15:30 - 16:50
ENG2001,L48-LEC(1476),MoWe 13:30 - 14:50
ENG2001,L49-LEC(1477),MoWe 15:30 - 16:50
ENG2001,L50-LEC(1478),MoWe 13:30 - 14:50
ENG2001,L51-LEC(1479),MoWe 15:30 - 16:50
ENG2001,L52-LEC(1480),TuTh 13:30 - 14:50
ENG2001,L53-LEC(1481),TuTh 15:30 - 16:50
ENG2001,L54-LEC(1482),TuTh 10:30 - 11:50
ENG2001,L01-LEC(2477),MoWe 13:30 - 14:50
ENG2001,L02-LEC(2478),MoWe 10:30 - 11:50
ENG2001,L03-LEC(2479),TuTh 13:30 - 14:50
ENG2001,L04-LEC(2480),TuTh 15:30 - 16:50
ENG2001,L01-LEC(2269),MoWe 08:30 - 09:50
ENG2001,L02-LEC(2270),MoWe 10:30 - 11:50
ENG2001,L03-LEC(2271),TuTh 08:30 - 09:50
ENG2001,L04-LEC(2272),TuTh 10:30 - 11:50
ENG3101,L01-LEC(2011),MoWe 10:30 - 11:50
ENB2001,L01-LEC(2092),MoWe 13:30 - 14:50
ENB2002,L01-LEC(2093),MoWe 15:30 - 16:50
ENB2004,L01-LEC(2094),MoWe 08:30 - 09:50
ENB2004,L02-LEC(2095),MoWe 10:30 - 11:50
ENB3002,L01-LEC(2096),Mo 10:30 - 12:20
ENB3002,T01-TUT(2097),We 10:30 - 11:20
ENB3002,T02-TUT(2098),We 11:30 - 12:20
ENB3004,L01-LEC(2099),TuTh 08:30 - 09:50
ENB3004,L02-LEC(2100),TuTh 10:30 - 11:50
ENB3005,L01-LEC(2101),TuTh 10:30 - 11:50
ENB4101,L01-LEC(2102),MoWe 15:30 - 16:50
ENB4102,L01-LEC(2103),MoWe 08:30 - 09:50
ENB4103,L01-LEC(2104),MoWe 15:30 - 16:50
ENB4201,L01-LEC(2107),TuTh 15:30 - 16:50
ENB4203,L01-LEC(2108),MoWe 13:30 - 14:50
ENB4208,L01-LEC(2363),MoWe 15:30 - 16:50
ENB4302,L01-LEC(2109),MoWe 15:30 - 16:50
ENB4308,L01-LEC(2250),MoWe 13:30 - 14:50
ENL1001,L01-LEC(2038),MoWe 08:30 - 09:50
ENL1001,L02-LEC(2039),MoWe 10:30 - 11:50
ENL1003,L01-LEC(2040),TuTh 10:30 - 11:50
ENL1003,L02-LEC(2041),TuTh 13:30 - 14:50
FIN2010,L01-LEC(1490),TuTh 08:30 - 09:50
FIN2010,L02-LEC(1491),MoWe 13:30 - 14:50
FIN2010,T01-TUT(1492),Tu 19:00 - 19:50
FIN2010,T02-TUT(1493),Tu 20:00 - 20:50
FIN2010,T03-TUT(1494),Th 19:00 - 19:50
FIN2010,T04-TUT(1495),Th 20:00 - 20:50
FIN3080,L01-LEC(1593),MoWe 08:30 - 09:50
FIN3080,L02-LEC(1594),MoWe 10:30 - 11:50
FIN3080,L03-LEC(1595),TuTh 13:30 - 14:50
FIN3080,L04-LEC(1596),TuTh 15:30 - 16:50
FIN3080,T01-TUT(1597),Mo 19:00 - 19:50
FIN3080,T02-TUT(1598),Mo 20:00 - 20:50
FIN3080,T03-TUT(1599),Tu 19:00 - 19:50
FIN3080,T04-TUT(1600),We 20:00 - 20:50
FIN3080,T05-TUT(1601),Tu 20:00 - 20:50
FIN3080,T06-TUT(1602),Th 19:00 - 19:50
FIN3080,T07-TUT(1603),Th 20:00 - 20:50
FIN3080,T08-TUT(1604),Fr 18:00 - 18:50
FIN3210,L01-LEC(2062),MoWe 08:30 - 09:50
FIN3210,L02-LEC(2063),MoWe 10:30 - 11:50
FIN3210,T01-TUT(2064),Mo 19:00 - 19:50
FIN3210,T02-TUT(2065),Mo 20:00 - 20:50
FIN3210,T03-TUT(2066),We 19:00 - 19:50
FIN3210,T04-TUT(2067),We 20:00 - 20:50
FIN3380,error!,
FIN3380,T02-TUT(1992),Tu 20:00 - 20:50
FIN3380,T01-TUT(1991),Mo 20:00 - 20:50
FIN3380,L01-LEC(1989),Mo 10:30 - 12:20&We 10:30 - 11:20
FIN4060,L01-LEC(1605),MoWe 08:30 - 09:50
FIN4060,L02-LEC(1606),MoWe 10:30 - 11:50
FIN4060,T01-TUT(1607),We 19:00 - 19:50
FIN4060,T02-TUT(1608),We 20:00 - 20:50
FIN4060,T03-TUT(1609),Fr 18:00 - 18:50
FIN4060,T04-TUT(1610),Fr 19:00 - 19:50
FIN4110,L01-LEC(1611),TuTh 13:30 - 14:50
FIN4110,L02-LEC(1612),TuTh 15:30 - 16:50
FIN4110,T01-TUT(1613),We 20:00 - 20:50
FIN4110,T02-TUT(1614),Th 20:00 - 20:50
FIN4110,T03-TUT(1615),Fr 18:00 - 18:50
FIN4110,T04-TUT(1616),Fr 20:00 - 20:50
FIN4120,error!,
FIN4120,T04-TUT(1622),Fr 20:00 - 20:50
FIN4120,T03-TUT(1621),Fr 19:00 - 19:50
FIN4120,T02-TUT(1620),Fr 18:00 - 18:50
FIN4120,T01-TUT(1619),We 18:00 - 18:50
FIN4120,L02-LEC(1618),Mo 15:30 - 17:20&We 15:30 - 16:20
FIN4120,L01-LEC(1617),Mo 13:30 - 15:20&We 14:00 - 14:50
FIN4210,L01-LEC(1823),MoWe 15:30 - 16:50
FIN4210,L02-LEC(1824),MoWe 18:30 - 19:50
FIN4210,T01-TUT(1825),Mo 20:00 - 20:50
FIN4210,T02-TUT(1826),Tu 20:00 - 20:50
FIN4210,T03-TUT(1827),Th 20:00 - 20:50
FIN4210,T04-TUT(1828),We 20:00 - 20:50
FIN4231,L01-LEC(1943),TuTh 18:30 - 19:50
FIN4231,T01-TUT(1944),Fr 19:00 - 19:50
FIN4231,T02-TUT(1945),Fr 20:00 - 20:50
FRN1001,L01-LEC(1928),MoWe 08:30 - 09:50
FRN1001,L02-LEC(1929),MoWe 13:30 - 14:50
FRN1001,L03-LEC(1930),TuTh 13:30 - 14:50
GEA2000,L01-LEC(1508),Tu 08:30 - 10:20
GEA2000,L02-LEC(1509),Mo 08:30 - 10:20
GEA2000,L03-LEC(1510),Mo 10:30 - 12:20
GEA2000,L04-LEC(1511),We 08:30 - 10:20
GEA2000,L05-LEC(1512),Tu 15:30 - 17:20
GEA2000,L06-LEC(1513),Mo 13:30 - 15:20
GEA2000,L07-LEC(1514),Mo 15:30 - 17:20
GEA2000,L08-LEC(1515),We 10:30 - 12:20
GEA2000,L09-LEC(1516),Tu 10:30 - 12:20
GEA2000,L10-LEC(1517),Tu 13:30 - 15:20
GEA2000,T01-TUT(1518),We 08:30 - 10:20
GEA2000,T02-TUT(1519),We 10:30 - 12:20
GEA2000,T03-TUT(1520),Th 08:30 - 10:20
GEA2000,T04-TUT(1521),Th 10:30 - 12:20
GEA2000,T05-TUT(1522),Tu 08:30 - 10:20
GEA2000,T06-TUT(1523),We 08:30 - 10:20
GEA2000,T07-TUT(1524),Tu 10:30 - 12:20
GEA2000,T08-TUT(1525),Tu 13:30 - 15:20
GEA2000,T09-TUT(1526),We 10:30 - 12:20
GEA2000,T10-TUT(1527),Th 08:30 - 10:20
GEA2000,T11-TUT(1528),Fr 10:30 - 12:20
GEA2000,T12-TUT(1529),Fr 08:30 - 10:20
GEA2000,T13-TUT(1530),Fr 08:30 - 10:20
GEA2000,T14-TUT(1531),Fr 10:30 - 12:20
GEA2000,T15-TUT(1532),Th 15:30 - 17:20
GEA2000,T16-TUT(1533),Tu 13:30 - 15:20
GEA2000,T17-TUT(1534),Tu 15:30 - 17:20
GEA2000,T18-TUT(1535),We 13:30 - 15:20
GEA2000,T19-TUT(1536),We 13:30 - 15:20
GEA2000,T20-TUT(1537),We 15:30 - 17:20
GEA2000,T21-TUT(1538),Fr 10:30 - 12:20
GEA2000,T22-TUT(1539),Th 13:30 - 15:20
GEA2000,T23-TUT(1540),Th 15:30 - 17:20
GEA2000,T24-TUT(1541),We 10:30 - 12:20
GEA2000,T25-TUT(1542),Th 10:30 - 12:20
GEA2000,T26-TUT(1543),We 13:30 - 15:20
GEA2000,T27-TUT(1544),Th 13:30 - 15:20
GEA2000,T28-TUT(1545),We 15:30 - 17:20
GEB2109,L01-LEC(2133),Mo 15:30 - 17:20
GEB2109,T01-TUT(2134),We 15:30 - 17:20
GEB2109,T02-TUT(2135),We 19:00 - 20:50
GEB2203,L01-LEC(2051),Tu 15:30 - 17:20
GEB2203,T01-TUT(2052),Th 13:30 - 15:20
GEB2203,T02-TUT(2053),Th 15:30 - 17:20
GEB2205,L01-LEC(2365),Mo 10:30 - 12:20
GEB2205,T01-TUT(2366),We 13:30 - 15:20
GEB2205,T02-TUT(2367),We 10:30 - 12:20
GEB2206,L01-LEC(2440),Mo 08:30 - 10:20
GEB2206,T01-TUT(2441),Tu 08:30 - 10:20
GEB2206,T02-TUT(2442),We 08:30 - 10:20
GEB2301,L01-LEC(2313),Mo 15:30 - 17:20
GEB2301,T01-TUT(2314),We 13:30 - 15:20
GEB2301,T02-TUT(2315),We 15:30 - 17:20
GEB2404,L01-LEC(2119),Tu 10:30 - 12:20
GEB2404,T01-TUT(2120),Th 08:30 - 10:20
GEB2404,T02-TUT(2121),Th 10:30 - 12:20
GEB2404,T03-TUT(2122),Th 13:30 - 15:20
GEB2405,error!,
GEB2405,T03-TUT(1961),Fr 10:30 - 11:20
GEB2405,T02-TUT(1960),Fr 09:30 - 10:20
GEB2405,T01-TUT(1959),Fr 08:30 - 09:20
GEB2405,L01-LEC(1958),We 08:30 - 09:20&Tu 08:30 - 09:20
GEB2503,L01-LEC(1955),Tu 13:30 - 15:20
GEB2503,T01-TUT(1956),Th 13:30 - 15:20
GEB2503,T02-TUT(1957),Th 15:30 - 17:20
GEB2601,L01-LEC(1910),Tu 15:30 - 17:20
GEB2601,T01-TUT(1911),We 15:30 - 17:20
GEB2601,T02-TUT(1912),Th 15:30 - 17:20
GEB2601,T03-TUT(1913),Th 10:30 - 12:20
GEB3301,L01-LEC(2289),We 08:30 - 10:20
GEB3301,T01-TUT(2290),Fr 08:30 - 10:20
GEB3301,T02-TUT(2291),Fr 10:30 - 12:20
GEB3302,L01-LEC(2419),Mo 13:30 - 15:20
GEB3302,T01-TUT(2420),We 13:30 - 15:20
GEB3302,T02-TUT(2421),We 15:30 - 17:20
GEC2002,L01-LEC(1794),Mo 15:30 - 17:20
GEC2002,T01-TUT(1795),We 13:30 - 15:20
GEC2002,T02-TUT(1796),We 15:30 - 17:20
GEC2109,L01-LEC(2279),Tu 08:30 - 10:20
GEC2109,T01-TUT(2280),Th 08:30 - 10:20
GEC2109,T02-TUT(2281),Th 10:30 - 12:20
GEC2110,L01-LEC(2136),Mo 08:30 - 10:20
GEC2110,T01-TUT(2137),We 08:30 - 10:20
GEC2110,T02-TUT(2138),We 10:30 - 12:20
GEC2110,T03-TUT(2139),Fr 08:30 - 10:20
GEC2112,L01-LEC(2171),Mo 10:30 - 12:20
GEC2112,T01-TUT(2172),We 10:30 - 12:20
GEC2112,T02-TUT(2173),Fr 10:30 - 12:20
GEC2112,T03-TUT(2174),Fr 08:30 - 10:20
GEC2205,L01-LEC(2147),TuTh 15:30 - 16:50
GEC2206,L01-LEC(2124),MoWe 13:30 - 14:50
GEC2207,L01-LEC(2379),Tu 08:30 - 10:20
GEC2207,T01-TUT(2380),Th 08:30 - 10:20
GEC2207,T02-TUT(2381),Th 13:30 - 15:20
GEC3109,L01-LEC(2246),Tu 10:30 - 12:20
GEC3109,T01-TUT(2247),Th 10:30 - 12:20
GEC3109,T02-TUT(2248),Th 13:30 - 15:20
GEC3111,L01-LEC(2382),Mo 15:30 - 17:20
GEC3111,T01-TUT(2383),We 15:30 - 17:20
GEC3111,T02-TUT(2384),We 13:30 - 15:20
GEC3112,L01-LEC(2488),We 10:30 - 12:20
GEC3112,T01-TUT(2489),Fr 08:30 - 10:20
GEC3112,T02-TUT(2490),Fr 10:30 - 12:20
GEC3203,L01-LEC(2435),Mo 13:30 - 15:20
GEC3203,T01-TUT(2436),We 13:30 - 15:20
GEC3203,T02-TUT(2437),We 15:30 - 17:20
GEC3401,L01-LEC(1804),Tu 10:30 - 12:20
GEC3401,T01-TUT(1805),Th 10:30 - 12:20
GEC3401,T02-TUT(1806),Th 08:30 - 10:20
GEC3401,T03-TUT(1807),Th 13:30 - 15:20
GEC3402,L01-LEC(1800),Mo 10:30 - 12:20
GEC3402,T01-TUT(1801),We 08:30 - 10:20
GEC3402,T02-TUT(1802),Tu 10:30 - 12:20
GEC3402,T03-TUT(1803),We 10:30 - 12:20
GEC3405,L01-LEC(1962),Tu 08:30 - 10:20
GEC3405,T01-TUT(1963),Th 08:30 - 10:20
GEC3405,T02-TUT(1964),Th 10:30 - 12:20
GEC3407,L01-LEC(1995),Tu 15:30 - 17:20
GEC3407,T01-TUT(1996),Th 15:30 - 17:20
GEC3407,T02-TUT(1997),Fr 08:30 - 10:20
GEC3407,T03-TUT(1998),Fr 10:30 - 12:20
GEC3410,L01-LEC(2432),Tu 13:30 - 15:20
GEC3410,T01-TUT(2433),Th 13:30 - 15:20
GEC3410,T02-TUT(2434),Th 15:30 - 17:20
GED2003,L01-LEC(1808),Tu 10:30 - 12:20
GED2003,T01-TUT(1809),Th 10:30 - 12:20
GED2003,T02-TUT(1810),We 10:30 - 12:20
GED2003,T03-TUT(1811),Th 13:30 - 15:20
GED2107,L01-LEC(2292),Mo 13:30 - 15:20
GED2107,T01-TUT(2293),Tu 13:30 - 15:20
GED2107,T02-TUT(2294),Tu 15:30 - 17:20
GED2107,T03-TUT(2295),We 13:30 - 15:20
GED2110,L01-LEC(2048),Fr 08:30 - 10:20
GED2110,T01-TUT(2049),We 08:30 - 10:20
GED2110,T02-TUT(2050),We 10:30 - 12:20
GED2113,L01-LEC(2071),Mo 15:30 - 17:20
GED2113,T01-TUT(2072),Th 15:30 - 17:20
GED2113,T02-TUT(2073),We 15:30 - 17:20
GED2119,L01-LEC(2331),Mo 15:30 - 17:20
GED2119,T01-TUT(2332),We 15:30 - 17:20
GED2119,T02-TUT(2333),We 13:30 - 15:20
GED2119,T03-TUT(2334),Th 15:30 - 17:20
GED2121,L01-LEC(1946),Mo 13:30 - 15:20
GED2121,T01-TUT(1947),Fr 10:30 - 12:20
GED2121,T02-TUT(1948),We 13:30 - 15:20
GED2122,L01-LEC(2008),Th 15:30 - 16:50
GED2122,T01-TUT(2009),Tu 13:30 - 14:50
GED2122,T02-TUT(2010),Tu 15:30 - 16:50
GED2123,L01-LEC(2022),Mo 10:30 - 12:20
GED2123,T01-TUT(2023),Fr 08:30 - 10:20
GED2123,T02-TUT(2024),We 10:30 - 12:20
GED2124,L01-LEC(2422),Tu 10:30 - 12:20
GED2124,T01-TUT(2423),Th 08:30 - 10:20
GED2124,T02-TUT(2424),Th 10:30 - 12:20
GED2302,L01-LEC(2140),Tu 08:30 - 10:20
GED2302,T01-TUT(2141),We 08:30 - 10:20
GED2302,T02-TUT(2142),Th 08:30 - 10:20
GED3308,L01-LEC(1965),Tu 15:30 - 17:20
GED3308,T01-TUT(1966),Th 10:30 - 12:20
GED3308,T02-TUT(1967),Th 13:30 - 15:20
GED3308,T03-TUT(1968),Th 15:30 - 17:20
GFH1000,L01-LEC(1276),Fr 13:30 - 14:20
GFH1000,L02-LEC(1277),Fr 13:30 - 14:20
GFH1000,L03-LEC(1278),Fr 13:30 - 14:20
GFN1000,L01-LEC(1313),Fr 13:30 - 14:20
GFN1000,L02-LEC(1314),Fr 13:30 - 14:20
GFN1000,L03-LEC(1315),Fr 13:30 - 14:20
GFN1000,L04-LEC(1316),Fr 13:30 - 14:20
GFN1000,L05-LEC(1317),Fr 13:30 - 14:20
GFN1000,L06-LEC(1318),Fr 13:30 - 14:20
GFN1000,L07-LEC(1319),Fr 13:30 - 14:20
GFN1000,L08-LEC(1320),Fr 13:30 - 14:20
GFN1000,L09-LEC(1321),Fr 13:30 - 14:20
GFN1000,L10-LEC(1322),Fr 13:30 - 14:20
GFN1000,L11-LEC(1323),Fr 14:30 - 15:20
GFN1000,T01-TUT(1324),Tu 15:30 - 17:20
GFN1000,T02-TUT(1325),Tu 13:30 - 15:20
GFN1000,T03-TUT(1326),We 15:30 - 17:20
GFN1000,T04-TUT(1327),Tu 10:30 - 12:20
GFN1000,T05-TUT(1328),Th 08:30 - 10:20
GFN1000,T06-TUT(1329),Th 10:30 - 12:20
GFN1000,T07-TUT(1330),We 08:30 - 10:20
GFN1000,T08-TUT(1331),We 10:30 - 12:20
GFN1000,T09-TUT(1332),Mo 13:30 - 15:20
GFN1000,T10-TUT(1333),Mo 15:30 - 17:20
GFN1000,T11-TUT(1334),We 13:30 - 15:20
GFN1000,T12-TUT(1335),We 15:30 - 17:20
GFN1000,T13-TUT(1336),Tu 08:30 - 10:20
GFN1000,T14-TUT(1337),We 10:30 - 12:20
GFN1000,T15-TUT(1338),Mo 08:30 - 10:20
GFN1000,T16-TUT(1339),Tu 15:30 - 17:20
GFN1000,T17-TUT(1340),Th 13:30 - 15:20
GFN1000,T18-TUT(1341),Th 15:30 - 17:20
GFN1000,T19-TUT(1342),Mo 08:30 - 10:20
GFN1000,T20-TUT(1343),Mo 10:30 - 12:20
GFN1000,T21-TUT(1344),Mo 15:30 - 17:20
GFN1000,T22-TUT(1345),Mo 10:30 - 12:20
GFN1000,T23-TUT(1346),Tu 10:30 - 12:20
GFN1000,T24-TUT(1347),Tu 13:30 - 15:20
GFN1000,T25-TUT(1348),Mo 13:30 - 15:20
GFN1000,T26-TUT(1349),Th 10:30 - 12:20
GFN1000,T27-TUT(1350),Th 13:30 - 15:20
GFN1000,T28-TUT(1351),Th 15:30 - 17:20
GFN1000,T29-TUT(1352),We 13:30 - 15:20
GFN1000,T30-TUT(1353),We 15:30 - 17:20
ERG1000,L01-LEC(2335),Fr 09:00 - 10:20
ERG2081,L01-IND(2494),TBA
ERG2082,L01-IND(2497),TBA
ERG2083,L01-IND(2498),TBA
ERG4100,L01-PRA(2499),TBA
ERG4901,L01-LEC(2214),TBA
GLB1030,error!,
GLB1030,L01-LEC(2481),TuTh 19:00 - 20:50
GLB3060,error!,
GLB3060,L01-LEC(2491),Tu 10:30 - 12:20&Th 10:30 - 11:20
HSS1004,L01-LEC(1838),TuTh 13:30 - 14:50
HSS1004,L02-LEC(1839),MoWe 15:30 - 16:50
HSS1004,L03-LEC(1840),MoWe 19:00 - 20:20
HSS1004,L04-LEC(1841),TuTh 10:30 - 11:50
HSS1006,L01-LEC(1830),TuTh 08:30 - 09:50
HSS1006,L02-LEC(1831),TuTh 10:30 - 11:50
HSS1009,error!,
HSS1009,T03-TUT(1978),We 19:00 - 19:50
HSS1009,T02-TUT(1977),We 18:00 - 18:50
HSS1009,T01-TUT(1976),Th 18:00 - 18:50
HSS1009,L01-LEC(1975),TuTh 15:30 - 16:50
IBA4007,L01-LEC(2446),We 15:00 - 17:50
ITE1000,L01-LEC(1194),Fr 08:30 - 09:20
ITE1000,L02-LEC(1195),Fr 09:30 - 10:20
ITE1000,L03-LEC(1196),Mo 15:30 - 16:20
ITE1000,L04-LEC(1197),Tu 15:30 - 16:20
ITE1000,L05-LEC(1198),Tu 16:30 - 17:20
ITE1000,L06-LEC(1199),We 15:30 - 16:20
ITE1000,L07-LEC(1200),We 16:30 - 17:20
ITE1000,L08-LEC(1201),Tu 09:30 - 10:20
ITE1000,L09-LEC(1202),Th 09:30 - 10:20
ITE1000,L10-LEC(1203),Mo 09:30 - 10:20
ITE1000,L11-LEC(1204),Mo 14:30 - 15:20
ITE1000,L12-LEC(1205),Th 10:30 - 11:20
ITE1000,L13-LEC(1206),We 09:30 - 10:20
IDE3005,L01-LEC(2273),Fr 13:30 - 16:20
IDE4110,L01-LEC(1914),Fr 09:00 - 11:50
JAP1001,L01-LEC(2325),MoWe 09:00 - 10:20
JAP1001,L02-LEC(2326),MoWe 13:30 - 14:50
JAP1001,L03-LEC(2327),TuTh 09:00 - 10:20
JAP1001,L04-LEC(2328),TuTh 13:30 - 14:50
KOR1001,L01-LEC(2385),MoWe 08:30 - 09:50
KOR1001,L02-LEC(2386),MoWe 13:30 - 14:50
KOR1001,L03-LEC(2387),TuTh 08:30 - 09:50
LIT2100,L01-LEC(2487),TuTh 08:30 - 09:50
LIT3001,L01-LEC(2324),TuTh 13:30 - 14:50
MGT3010,L01-LEC(1655),TuTh 08:30 - 09:50
MGT3010,L02-LEC(1656),TuTh 10:30 - 11:50
MGT3070,L01-LEC(2354),MoWe 10:30 - 11:50
MGT3210,L01-LEC(1836),TuTh 13:30 - 14:50
MGT3210,L02-LEC(1837),TuTh 15:30 - 16:50
MGT3250,L01-LEC(1908),MoWe 10:30 - 11:50
MGT3250,L02-LEC(1909),MoWe 13:30 - 14:50
MGT3260,L01-LEC(1834),MoWe 08:30 - 09:50
MGT3260,L02-LEC(1835),TuTh 08:30 - 09:50
MGT4020,L01-LEC(1657),MoWe 15:30 - 16:50
MGT4030,L01-LEC(2068),Fr 09:00 - 11:50
MGT4080,L01-LEC(2132),TuTh 10:30 - 11:50
MGT4187,L01-LEC(2193),TuTh 13:30 - 14:50
MGT4187,L02-LEC(2194),TuTh 15:30 - 16:50
MGT4187,T01-TUT(2195),We 18:00 - 18:50
MGT4187,T02-TUT(2196),We 19:00 - 19:50
MGT4187,T03-TUT(2197),Th 18:00 - 18:50
MGT4187,T04-TUT(2198),Th 19:00 - 19:50
MGT4188,L01-LEC(1658),TBA
MGT4210,L01-LEC(1921),Fr 09:00 - 11:50
MGT4250,L01-LEC(2123),TuTh 13:30 - 14:50
MGT4270,L01-LEC(1659),TuTh 08:30 - 09:50
MIS2051,L01-LEC(1674),TuTh 08:30 - 09:50
MIS2051,L02-LEC(1675),TuTh 10:30 - 11:50
MIS2051,T01-TUT(1676),Tu 20:00 - 20:50
MIS2051,T02-TUT(1677),We 20:00 - 20:50
MIS2051,T03-TUT(1678),Th 20:00 - 20:50
MIS2051,T04-TUT(1679),Fr 20:00 - 20:50
MKT2010,L07-LEC(1489),MoWe 10:30 - 11:50
MKT2010,L06-LEC(1488),MoWe 08:30 - 09:50
MKT2010,L05-LEC(1487),TuTh 10:30 - 11:50
MKT2010,L04-LEC(1486),TuTh 08:30 - 09:50
MKT2010,L03-LEC(1485),TuTh 13:30 - 14:50
MKT2010,L02-LEC(1484),MoWe 15:30 - 16:50
MKT2010,L01-LEC(1483),MoWe 13:30 - 14:50
MKT3020,L01-LEC(1660),MoWe 10:30 - 11:50
MKT3020,L02-LEC(1661),MoWe 15:30 - 16:50
MKT3080,error!,
MKT3080,L01-LEC(1829),Fr 15:00 - 16:20&Fr 10:30 - 11:50
MKT3320,L01-LEC(2445),MoWe 19:30 - 20:50
MKT4040,L01-LEC(1662),Tu 18:00 - 20:50
MKT4110,L01-LEC(1663),Mo 18:00 - 20:50
MKT4120,L01-LEC(1664),MoWe 13:30 - 14:50
MKT4150,L01-LEC(1665),MoWe 08:30 - 09:50
MKT4220,L01-LEC(1922),TuTh 13:30 - 14:50
MSE3013,L01-LEC(2336),TuTh 08:30 - 09:50
MSE3013,T01-TUT(2337),We 18:00 - 18:50
MSE4005,L01-LEC(1755),TuTh 13:30 - 14:50
MSE4005,T01-TUT(1756),Th 19:00 - 19:50
MAT1001,L01-LEC(1374),MoWe 08:30 - 10:20
MAT1001,L02-LEC(1375),MoWe 13:30 - 15:20
MAT1001,L03-LEC(1376),TuTh 08:30 - 10:20
MAT1001,L04-LEC(1377),TuTh 10:30 - 12:20
MAT1001,L05-LEC(1378),MoWe 10:30 - 12:20
MAT1001,L06-LEC(1379),MoWe 15:30 - 17:20
MAT1001,L07-LEC(1380),TuTh 10:30 - 12:20
MAT1001,L08-LEC(1381),TuTh 15:30 - 17:20
MAT1001,L09-LEC(1382),TuTh 13:30 - 15:20
MAT1001,L10-LEC(1383),TuTh 08:30 - 10:20
MAT1001,L11-LEC(1384),MoWe 10:30 - 12:20
MAT1001,T01-TUT(1385),Mo 18:00 - 19:20
MAT1001,T02-TUT(1386),Mo 19:30 - 20:50
MAT1001,T03-TUT(1387),Tu 18:00 - 19:20
MAT1001,T04-TUT(1388),Tu 19:30 - 20:50
MAT1001,T05-TUT(1389),We 18:00 - 19:20
MAT1001,T06-TUT(1390),We 19:30 - 20:50
MAT1001,T07-TUT(1391),Th 18:00 - 19:20
MAT1001,T08-TUT(1392),Th 19:30 - 20:50
MAT1001,T09-TUT(1393),Fr 18:00 - 19:20
MAT1001,T10-TUT(1394),Fr 19:30 - 20:50
MAT1001,T11-TUT(1395),Tu 18:00 - 19:20
MAT1001,T12-TUT(1396),Tu 19:30 - 20:50
MAT1001,T13-TUT(1397),We 18:00 - 19:20
MAT1001,T14-TUT(1398),We 19:30 - 20:50
MAT1001,T15-TUT(1399),Th 18:00 - 19:20
MAT1001,T16-TUT(1400),Th 19:30 - 20:50
MAT1001,T17-TUT(1401),Mo 18:00 - 19:20
MAT1001,T18-TUT(1402),Mo 19:30 - 20:50
MAT1001,T19-TUT(1403),Fr 18:00 - 19:20
MAT1001,T20-TUT(1404),Fr 19:30 - 20:50
MAT1001,T21-TUT(1405),Mo 19:30 - 20:50
MAT1001,T22-TUT(1406),Tu 18:00 - 19:20
MAT1001,T23-TUT(1407),Tu 19:30 - 20:50
MAT1001,T24-TUT(1408),We 18:00 - 19:20
MAT1001,T25-TUT(1409),We 19:30 - 20:50
MAT1001,T26-TUT(1410),Th 18:00 - 19:20
MAT1001,T27-TUT(1411),Th 19:30 - 20:50
MAT1001,T28-TUT(1412),Fr 18:00 - 19:20
MAT1001,T29-TUT(1413),Fr 19:30 - 20:50
MAT1001,T30-TUT(1414),Th 18:00 - 19:20
MAT1001,T31-TUT(1415),Th 19:30 - 20:50
MAT1001,T32-TUT(1416),We 18:00 - 19:20
MAT1001,T33-TUT(1417),Tu 18:00 - 19:20
MAT1001,T34-TUT(1418),Tu 19:30 - 20:50
MAT1001,T35-TUT(1419),We 18:00 - 19:20
MAT1001,T36-TUT(1420),We 19:30 - 20:50
MAT1001,T37-TUT(1421),Th 18:00 - 19:20
MAT1001,T38-TUT(1422),Th 19:30 - 20:50
MAT1001,T39-TUT(1423),Fr 18:00 - 19:20
MAT1001,T40-TUT(1424),Fr 19:30 - 20:50
MAT1001,T41-TUT(1425),Mo 18:00 - 19:20
MAT1001,T42-TUT(1426),Mo 19:30 - 20:50
MAT1001,T43-TUT(1427),Tu 18:00 - 19:20
MAT1001,T44-TUT(1428),Tu 19:30 - 20:50
MAT1005,L01-LEC(1812),TuTh 15:30 - 16:50
MAT1005,T01-TUT(1813),We 18:00 - 18:50
MAT1005,T02-TUT(1814),We 19:00 - 19:50
MAT1011,error!,
MAT1011,T04-TUT(2037),Tu 19:00 - 20:50
MAT1011,T03-TUT(2036),Tu 18:00 - 19:50
MAT1011,T02-TUT(2035),Mo 19:00 - 20:50
MAT1011,T01-TUT(2034),Mo 18:00 - 19:50
MAT1011,L01-LEC(2033),Th 10:30 - 12:20&MoWe 10:30 - 11:50
MAT2001,L01-LEC(2256),MoWe 14:00 - 15:20
MAT2001,T01-TUT(2257),Tu 18:00 - 18:50
MAT2001,T02-TUT(2258),Tu 19:00 - 19:50
MAT2001,T03-TUT(2259),Tu 20:00 - 20:50
MAT2040,L01-LEC(1623),MoWe 10:30 - 11:50
MAT2040,L02-LEC(1624),MoWe 13:30 - 14:50
MAT2040,L03-LEC(1625),TuTh 10:30 - 11:50
MAT2040,L04-LEC(1626),TuTh 13:30 - 14:50
MAT2040,T01-TUT(1627),Mo 18:00 - 18:50
MAT2040,T02-TUT(1628),Mo 19:00 - 19:50
MAT2040,T03-TUT(1629),Mo 20:00 - 20:50
MAT2040,T04-TUT(1630),Tu 18:00 - 18:50
MAT2040,T05-TUT(1631),Tu 19:00 - 19:50
MAT2040,T06-TUT(1632),Tu 20:00 - 20:50
MAT2040,T07-TUT(1633),We 18:00 - 18:50
MAT2040,T08-TUT(1634),We 19:00 - 19:50
MAT2040,T09-TUT(1635),We 20:00 - 20:50
MAT2040,T10-TUT(1636),Th 18:00 - 18:50
MAT2040,T11-TUT(1637),Th 19:00 - 19:50
MAT2040,T12-TUT(1638),Th 20:00 - 20:50
MAT2040,T13-TUT(1639),Fr 18:00 - 18:50
MAT2040,T14-TUT(1640),Fr 19:00 - 19:50
MAT2040,T15-TUT(1641),Fr 20:00 - 20:50
MAT2040,T16-TUT(1642),We 18:00 - 18:50
MAT2040,T17-TUT(1643),We 19:00 - 19:50
MAT2040,T18-TUT(1644),We 20:00 - 20:50
MAT2040,T19-TUT(1645),Th 18:00 - 18:50
MAT2040,T20-TUT(1646),Th 19:00 - 19:50
MAT2050,L01-LEC(2260),TuTh 15:30 - 17:20
MAT2050,T01-TUT(2261),Tu 19:30 - 20:50
MAT2050,T02-TUT(2262),We 18:00 - 19:20
MAT2050,T03-TUT(2263),We 19:30 - 20:50
MAT2050,T04-TUT(2264),Th 19:30 - 20:50
MAT2050,T05-TUT(2265),Fr 18:00 - 19:20
MAT2060,L01-LEC(2266),MoWe 10:30 - 11:50
MAT2060,T01-TUT(2267),Mo 18:00 - 18:50
MAT2060,T02-TUT(2268),Mo 19:00 - 19:50
MAT3004,L01-LEC(1886),TuTh 15:30 - 16:50
MAT3004,T01-TUT(1887),Th 19:00 - 19:50
MAT3004,T02-TUT(1888),Th 20:00 - 20:50
MAT3006,L01-LEC(1889),MoWe 08:30 - 09:50
MAT3006,T01-TUT(1890),Mo 18:00 - 18:50
MAT3006,T02-TUT(1891),Mo 19:00 - 19:50
MAT3006,T03-TUT(1892),Tu 18:00 - 18:50
MAT3006,T04-TUT(1893),Tu 19:00 - 19:50
MAT3007,L01-LEC(1647),MoWe 13:30 - 14:50
MAT3007,L02-LEC(1648),MoWe 15:30 - 16:50
MAT3007,L03-LEC(1649),TuTh 08:30 - 09:50
MAT3007,T01-TUT(1650),Mo 19:00 - 19:50
MAT3007,T02-TUT(1651),Mo 20:00 - 20:50
MAT3007,T03-TUT(1652),Th 18:00 - 18:50
MAT3007,T04-TUT(1653),Th 19:00 - 19:50
MAT3007,T05-TUT(1654),Th 20:00 - 20:50
MAT3040,L01-LEC(1950),TuTh 10:30 - 11:50
MAT3040,T01-TUT(1951),We 18:00 - 18:50
MAT3040,T02-TUT(1952),We 19:00 - 19:50
MAT3040,T03-TUT(1953),Th 18:00 - 18:50
MAT3040,T04-TUT(1954),Th 19:00 - 19:50
MAT3042,L01-LEC(2429),TuTh 10:30 - 11:50
MAT3042,T01-TUT(2430),We 18:00 - 18:50
MAT3042,T02-TUT(2431),We 19:00 - 19:50
MAT3280,L01-LEC(1894),MoWe 15:30 - 16:50
MAT3280,T01-TUT(1895),Tu 19:00 - 19:50
MAT3280,T02-TUT(1896),Tu 20:00 - 20:50
MAT3280,T03-TUT(1897),Th 19:00 - 19:50
MAT3280,T04-TUT(1898),Th 20:00 - 20:50
MAT3300,L01-LEC(1872),MoWe 10:30 - 11:50
MAT3300,L02-LEC(1873),TuTh 09:00 - 10:20
MAT3300,T01-TUT(1874),We 18:00 - 18:50
MAT3300,T02-TUT(1875),We 19:00 - 19:50
MAT3300,T03-TUT(1876),We 20:00 - 20:50
MAT3300,T04-TUT(1877),Th 18:00 - 18:50
MAT3300,T05-TUT(1878),Th 19:00 - 19:50
MAT3300,T06-TUT(1879),Th 20:00 - 20:50
MAT3300,T07-TUT(1880),Fr 18:00 - 18:50
MAT3300,T08-TUT(1881),Fr 19:00 - 19:50
MAT3300,T09-TUT(1882),Fr 20:00 - 20:50
MAT4033,error!,
MAT4033,T01-TUT(1900),Mo 18:00 - 18:50
MAT4033,L01-LEC(1899),Mo 13:30 - 15:20&We 13:30 - 14:20
MAT4220,L01-LEC(1901),MoWe 10:30 - 11:50
MAT4220,T01-TUT(1902),Mo 18:00 - 18:50
MAT4220,T02-TUT(1903),Mo 19:00 - 19:50
MAT4220,T03-TUT(1904),Mo 20:00 - 20:50
MAT4500,L01-LEC(1905),TuTh 13:30 - 14:50
MAT4500,T01-TUT(1906),Fr 18:00 - 18:50
MAT4500,T02-TUT(1907),Fr 19:00 - 19:50
MED1001,L01-LEC(2148),Mo 08:30 - 10:20
MED1001,LAB1-LAB(2502),Mo 11:00 - 11:50
MED1011,L01-LEC(2149),Tu 08:30 - 10:20
MED1011,LAB1-LAB(2504),Tu 11:00 - 11:50
MED1011,T01-TUT(2150),Fr 10:00 - 10:50
MED1011,T02-TUT(2151),Fr 10:00 - 10:50
MED1011,T03-TUT(2152),Fr 10:00 - 10:50
MED1011,T04-TUT(2153),Fr 10:00 - 10:50
MED1011,T05-TUT(2154),Fr 10:00 - 10:50
MED1011,T06-TUT(2155),Fr 11:00 - 11:50
MED1011,T07-TUT(2156),Fr 11:00 - 11:50
MED1011,T08-TUT(2157),Fr 11:00 - 11:50
MED1011,T09-TUT(2158),Fr 11:00 - 11:50
MED1011,T10-TUT(2159),Fr 11:00 - 11:50
MED1021,L01-LEC(2160),We 10:00 - 11:50
MED1021,T01-TUT(2161),Fr 10:00 - 10:50
MED1021,T02-TUT(2162),Fr 10:00 - 10:50
MED1031,L01-LEC(2364),Th 08:30 - 10:20
MED1100,L01-LEC(2199),Th 11:00 - 11:50
MED1100,T01-TUT(2200),Th 11:00 - 11:50
MED1100,T02-TUT(2201),Th 11:00 - 11:50
MED1100,T03-TUT(2202),Th 11:00 - 11:50
MED1100,T04-TUT(2203),Th 11:00 - 11:50
MED1100,T05-TUT(2204),Th 11:00 - 11:50
MED1100,T06-TUT(2205),Fr 08:30 - 09:20
MED1100,T07-TUT(2206),Fr 08:30 - 09:20
MED1100,T08-TUT(2207),Fr 08:30 - 09:20
MED1100,T09-TUT(2208),Fr 08:30 - 09:20
MED1100,T10-TUT(2209),Fr 08:30 - 09:20
MED1200,L01-LEC(2368),We 08:30 - 09:50
MED1200,T01-TUT(2369),Th 11:00 - 12:20
MED1200,T02-TUT(2370),Th 11:00 - 12:20
MED2001,L01-LEC(2231),We 16:00 - 16:50
MED2001,LAB1-LAB(2495),Th 13:30 - 17:20
MED2011,L01-LEC(2232),Tu 13:30 - 14:20
MED2011,LAB1-LAB(2858),Tu 15:00 - 16:50
MED2011,T01-TUT(2233),TBA
MED2011,T02-TUT(2234),TBA
MED2011,T03-TUT(2235),TBA
MED2011,T04-TUT(2236),TBA
MED2011,T05-TUT(2237),TBA
MED2011,T06-TUT(2238),TBA
MED2050,L01-LEC(2239),Mo 15:00 - 16:50
MED2050,T01-TUT(2240),TBA
MED2050,T02-TUT(2241),TBA
MED2100,L01-LEC(2316),We 13:30 - 14:20
MED2100,T01-TUT(2317),TBA
MED2100,T02-TUT(2318),TBA
MED3001,L01-LEC(2867),TBA
MED3002,L01-LEC(2868),TBA
MED3003,L01-LEC(2869),TBA
MED3011,L01-LEC(2870),TBA
MED3020,L01-LEC(2871),TBA
MED3021,L01-LEC(2872),TBA
MED3031,L01-LEC(2873),TBA
MED3100,L01-LEC(2874),TBA
MED3200,L01-LEC(2875),TBA
MED3300,L01-LEC(2876),TBA
MED4010,L01-LEC(2394),Mo 08:30 - 09:20
MED4010,T01-TUT(2395),Mo 10:00 - 11:50
MED4010,T02-TUT(2396),Mo 10:00 - 11:50
MED4011,error!,
MED4011,T02-TUT(2400),Mo 14:00 - 16:50&Mo 10:00 - 11:50
MED4011,T01-TUT(2399),Mo 14:00 - 16:50&Mo 10:00 - 11:50
MED4011,L01-LEC(2398),Mo 08:30 - 09:20
MED4012,error!,
MED4012,T02-TUT(2404),Mo 14:00 - 16:50&Mo 10:00 - 11:50
MED4012,T01-TUT(2403),Mo 14:00 - 16:50&Mo 10:00 - 11:50
MED4012,L01-LEC(2402),Mo 08:30 - 09:20
MED4013,L01-LEC(2406),Mo 13:30 - 14:20
MED4013,T01-TUT(2407),Mo 15:00 - 17:50
MED4013,T02-TUT(2408),Mo 15:00 - 17:50
MED4100,L01-LEC(2410),Mo 17:00 - 17:50
MED4100,T01-TUT(2411),Mo 17:00 - 18:20
MED4100,T02-TUT(2412),Mo 17:00 - 18:20
MED4200,L01-LEC(2414),Mo 17:00 - 17:50
MED4200,T01-TUT(2415),Mo 17:00 - 18:20
MED4200,T02-TUT(2416),Mo 17:00 - 18:20
MUS1001,I01-IDV(2802),TBA
MUS1003,L01-LEC(2812),TBA
MUS1004,L01-LEC(2815),TBA
MUS1004,L02-LEC(2816),TBA
MUS1005,L01-LEC(2803),Th 11:00 - 12:20
MUS1007,L01-LEC(2804),MoWe 11:30 - 12:20
MUS1007,L02-LEC(2805),Mo 13:30 - 15:20
MUS1007,L03-LEC(2806),Th 15:30 - 17:20
MUS1007,L04-LEC(2807),Th 13:30 - 15:20
MUS1010,L01-LEC(2811),MoWe 15:30 - 17:50
MUS1110,L01-LEC(2808),Tu 08:30 - 10:20
MUS1110,L02-LEC(2809),Tu 10:30 - 12:20
MUS1150,L01-LEC(2814),Tu 13:30 - 15:20
MUS1200,L01-LEC(2810),Tu 08:30 - 10:20
MUS1605,L01-LEC(2824),TBA
MUS2001,L01-LEC(2817),TBA
MUS2004,L01-LEC(2825),TBA
MUS2005,L01-LEC(2818),Th 11:00 - 12:20
MUS2007,error!,
MUS2007,L01-LEC(2826),Mo 16:30 - 17:20&We 10:30 - 11:20
MUS2010,L01-LEC(2821),MoWe 15:30 - 17:50
MUS2021,L01-LEC(2838),TBA
MUS2023,L01-LEC(2839),TBA
MUS2025,L01-LEC(2853),TBA
MUS2112,L01-LEC(2819),Fr 10:30 - 12:20
MUS2200,L01-LEC(2820),MoWe 08:30 - 09:50
MUS2328,L01-LEC(2846),Tu 10:30 - 12:20
MUS2333,L01-LEC(2827),TBA
MUS2350,L01-LEC(2854),TBA
MUS2501,L01-LEC(2828),MoWe 13:30 - 15:20
MUS2603,L01-LEC(2840),TBA
MUS2610,L01-LEC(2813),Tu 10:30 - 12:20
MUS2612,L01-LEC(2822),We 13:30 - 15:20
MUS2703,L01-LEC(2823),We 15:30 - 17:20
MUS2802,L01-LEC(2842),TBA
MUS3001,L01-LEC(2829),TBA
MUS3007,L01-LEC(2830),TBA
MUS3010,L01-LEC(2831),MoWe 15:30 - 17:50
MUS3110,L01-LEC(2832),Mo 10:30 - 12:20
MUS3112,L01-LEC(2833),Th 13:30 - 16:20
MUS3201,L01-LEC(2855),Fr 09:00 - 11:50
MUS3212,L01-LEC(2834),Tu 10:30 - 12:20
MUS3221,L01-LEC(2835),Th 10:30 - 12:20
MUS3333,L01-LEC(2845),TBA
MUS3501,L01-LEC(2850),Tu 08:30 - 10:20
MUS3533,L01-LEC(2836),Th 13:30 - 16:20
MUS3700,L01-LEC(2843),We 15:30 - 17:20
MUS3800,L01-LEC(2852),Th 10:30 - 12:20
MUS4001,L01-LEC(2847),TBA
MUS4007,L01-LEC(2848),TBA
MUS4017,L01-LEC(2841),TBA
MUS4111,L01-LEC(2849),We 13:30 - 15:20
MUS4501,L01-LEC(2851),We 10:30 - 12:20
MUS4506,L01-LEC(2844),Tu 13:30 - 15:20
MUS4611,L01-LEC(2837),We 10:30 - 12:20
PHM2004,L01-LEC(2388),TuTh 13:30 - 14:50
PHM2004,T01-TUT(2389),We 18:30 - 19:50
PHM2006,L01-LAB(2501),MoWe 10:30 - 11:20
PHM2010,L01-LEC(2282),Th 09:30 - 11:20
PHM2010,T01-TUT(2283),Th 18:00 - 18:50
PHM3002,L01-LEC(2390),Fr 10:30 - 12:20
PHM3002,T01-TUT(2391),Fr 18:00 - 18:50
PHM3003,LAB1-LAB(2392),Th 13:30 - 17:20
PHM3017,L01-LEC(2353),We 10:30 - 12:20
PHM4003,L01-LEC(2393),Fr 10:00 - 11:50
PHM4003,T01-TUT(2503),Fr 09:00 - 09:50
PED1001,LA1-LEC(1207),Mo 08:30 - 10:20
PED1001,LA2-LEC(1208),Mo 10:30 - 12:20
PED1001,LA3-LEC(1209),Mo 13:30 - 15:20
PED1001,LA4-LEC(1210),Mo 15:30 - 17:20
PED1001,LB1-LEC(1211),Tu 08:30 - 10:20
PED1001,LC1-LEC(1212),Tu 10:30 - 12:20
PED1001,LC2-LEC(1213),Tu 13:30 - 15:20
PED1001,LC3-LEC(1214),Tu 15:30 - 17:20
PED1001,LC4-LEC(1215),We 10:30 - 12:20
PED1001,LD1-LEC(1216),Tu 08:30 - 10:20
PED1001,LD2-LEC(1217),Tu 10:30 - 12:20
PED1001,LE1-LEC(1218),Mo 08:30 - 10:20
PED1001,LE2-LEC(1219),Mo 10:30 - 12:20
PED1001,LE3-LEC(1220),Mo 13:30 - 15:20
PED1001,LE4-LEC(1221),Mo 15:30 - 17:20
PED1001,LF1-LEC(1222),Tu 08:30 - 10:20
PED1001,LF2-LEC(1223),We 08:30 - 10:20
PED1001,LG1-LEC(1224),Tu 10:30 - 12:20
PED1001,LG2-LEC(1225),Tu 13:30 - 15:20
PED1001,LG3-LEC(1226),Tu 15:30 - 17:20
PED1001,LG4-LEC(1227),We 10:30 - 12:20
PED1001,LH1-LEC(1228),Tu 08:30 - 10:20
PED1001,LH2-LEC(1229),Tu 10:30 - 12:20
PED1001,LH3-LEC(1230),We 08:30 - 10:20
PED1001,LH4-LEC(1231),We 10:30 - 12:20
PED1001,LI1-LEC(1232),Tu 15:30 - 17:20
PED1001,LI2-LEC(1233),We 15:30 - 17:20
PED1001,LJ1-LEC(1234),We 10:30 - 12:20
PED1001,LJ2-LEC(1235),We 13:30 - 15:20
PED1001,LJ3-LEC(1236),We 15:30 - 17:20
PED1001,LK1-LEC(1237),Th 10:30 - 12:20
PED1001,LK2-LEC(1238),Th 13:30 - 15:20
PED1001,LK3-LEC(1239),Th 15:30 - 17:20
PED1001,LL1-LEC(1240),Mo 08:30 - 10:20
PED1001,LL2-LEC(1241),Mo 10:30 - 12:20
PED1001,LL3-LEC(1242),Tu 08:30 - 10:20
PED1001,LL4-LEC(1243),Tu 10:30 - 12:20
PED1001,LM1-LEC(1244),Mo 15:30 - 17:20
PED1001,LM2-LEC(1245),Mo 18:00 - 19:50
PED1001,LN1-LEC(1246),Th 08:30 - 10:20
PED1001,LN2-LEC(1247),Th 10:30 - 12:20
PED1001,LN3-LEC(1248),Th 13:30 - 15:20
PED1001,LN4-LEC(1249),Th 15:30 - 17:20
PED1001,LN5-LEC(1250),Fr 08:30 - 10:20
PED1001,LN6-LEC(1251),Fr 10:30 - 12:20
PED1001,LO1-LEC(1252),Th 13:30 - 15:20
PED1001,LO2-LEC(1253),Th 15:30 - 17:20
PED1001,LO3-LEC(1254),Th 18:00 - 19:50
PED1001,LP1-LEC(1255),We 13:30 - 15:20
PED1001,LP2-LEC(1256),We 15:30 - 17:20
PED1001,LP3-LEC(1257),We 18:00 - 19:50
PHY1002,LAB1-LAB(1666),Mo 15:00 - 17:50
PHY1002,LAB2-LAB(1667),Fr 09:00 - 11:50
PHY1002,LAB3-LAB(1668),Th 09:00 - 11:50
PHY1010,L01-LEC(2215),MoWe 13:30 - 14:50
PHY1010,T01-TUT(2216),Mo 19:00 - 19:50
PHY1210,L01-LEC(2506),Tu 18:00 - 18:50
PHY2020,L01-LEC(2890),TuTh 13:30 - 14:50
PHY2020,T01-TUT(2891),Tu 20:00 - 20:50
PHY2610,L01-LEC(2427),MoWe 15:30 - 16:50
PHY2610,T01-TUT(2428),Mo 20:00 - 20:50
PHY3006,L01-LEC(1669),MoWe 15:30 - 16:50
PHY3006,T01-TUT(1670),Th 18:00 - 18:50
PHY3110,L01-LEC(2329),TuTh 08:30 - 09:50
PHY3110,T01-TUT(2330),We 18:00 - 18:50
PHY3210,R01-RSC(2465),TBA
PHY3230,R01-RSC(2466),TBA
PHY3240,R01-RSC(2467),TBA
PHY3310,L01-LEC(2468),TuTh 15:30 - 16:50
PHY3310,T01-TUT(2469),We 19:00 - 19:50
PHY3410,L01-LEC(2338),TuTh 10:30 - 11:50
PHY3410,T01-TUT(2339),Fr 18:00 - 18:50
PHY3410,T02-TUT(2340),Fr 19:00 - 19:50
PHY3810,L01-LEC(2505),TuTh 13:30 - 14:20
PHY3810,T01-TUT(2470),We 20:00 - 20:50
PHY3950,L01-LEC(2471),MoWe 10:30 - 11:50
PHY3950,T01-TUT(2472),Mo 18:00 - 18:50
PHY4001,L01-LEC(1671),MoWe 10:30 - 11:50
PHY4001,T01-TUT(1672),We 19:00 - 19:50
SPN1001,L01-LEC(1931),TuTh 13:30 - 14:50
STA2001,L01-LEC(1757),MoWe 08:30 - 09:50
STA2001,L02-LEC(1758),MoWe 10:30 - 11:50
STA2001,L03-LEC(1759),TuTh 15:30 - 16:50
STA2001,T01-TUT(1760),Mo 18:00 - 18:50
STA2001,T02-TUT(1761),Mo 19:00 - 19:50
STA2001,T03-TUT(1762),Mo 20:00 - 20:50
STA2001,T04-TUT(1763),Tu 19:00 - 19:50
STA2001,T05-TUT(1764),Tu 20:00 - 20:50
STA2002,L01-LEC(1765),TuTh 08:30 - 09:50
STA2002,L02-LEC(1766),TuTh 10:30 - 11:50
STA2002,T01-TUT(1767),We 19:00 - 19:50
STA2002,T02-TUT(1768),We 20:00 - 20:50
STA2002,T03-TUT(1769),Th 19:00 - 19:50
STA2002,T04-TUT(1770),Th 20:00 - 20:50
STA2003,L01-LEC(2221),MoWe 08:30 - 09:50
STA2003,L02-LEC(2222),MoWe 10:30 - 11:50
STA2003,L03-LEC(2223),TuTh 08:30 - 09:50
STA2003,T01-TUT(2224),Tu 18:00 - 18:50
STA2003,T02-TUT(2225),Tu 19:00 - 19:50
STA2003,T03-TUT(2226),Th 18:00 - 18:50
STA2003,T04-TUT(2227),Th 19:00 - 19:50
STA3001,error!,
STA3001,T02-TUT(2892),We 19:00 - 19:50
STA3001,T01-TUT(2229),We 18:00 - 18:50
STA3001,L01-LEC(2228),Tu 10:30 - 12:20&Th 10:30 - 11:20
STA4001,L01-LEC(1771),TuTh 10:30 - 11:50
STA4001,L02-LEC(1772),MoWe 13:30 - 14:50
STA4001,T01-TUT(1773),Mo 18:00 - 18:50
STA4001,T02-TUT(1774),Mo 19:00 - 19:50
STA4001,T03-TUT(1775),Tu 18:00 - 18:50
STA4001,T04-TUT(1776),Tu 19:00 - 19:50
STA4001,T05-TUT(1777),We 18:00 - 18:50
STA4003,L01-LEC(1778),MoWe 08:30 - 09:50
STA4003,T01-TUT(1779),Mo 20:00 - 20:50
STA4020,L01-LEC(1780),MoWe 15:30 - 16:50
STA4020,T01-TUT(1781),Th 18:00 - 18:50
STA4042,L01-LEC(2425),MoWe 10:30 - 11:50
STA4042,T01-TUT(2426),Tu 18:00 - 18:50
STA4606,L01-LEC(2418),TuTh 14:00 - 15:20
TRA1010,L01-LEC(1821),Tu 13:30 - 14:50
TRA1010,T01-TUT(1822),Th 13:30 - 14:50
TRA2010,L01-LEC(1842),Mo 10:30 - 11:50
TRA2010,T01-TUT(1843),We 10:30 - 11:50
TRA2130,L01-LEC(1844),Tu 10:30 - 12:20
TRA2130,T01-TUT(1845),Th 11:30 - 12:20
TRA2320,L01-LEC(1846),Th 08:30 - 10:20
TRA2320,T01-TUT(1847),Fr 08:30 - 09:20
TRA3010,L01-LEC(1848),Tu 18:00 - 19:50
TRA3010,T01-TUT(1849),Th 19:00 - 19:50
TRA3010,T02-TUT(1850),Th 18:00 - 18:50
TRA3110,L01-LEC(1851),Tu 13:30 - 14:50
TRA3110,T01-TUT(1852),Th 13:30 - 14:50
TRA3220,L01-LEC(1853),We 10:30 - 12:20
TRA3220,T01-TUT(1854),Fr 10:30 - 11:20
TRA3220,T02-TUT(1855),Fr 11:30 - 12:20
TRA3240,L01-LEC(1856),Mo 08:30 - 10:20
TRA3240,T01-TUT(1857),We 08:30 - 09:20
TRA3240,T02-TUT(1858),We 09:30 - 10:20
TRA3250,L01-LEC(1859),Mo 15:30 - 16:50
TRA3250,T01-TUT(1860),We 15:30 - 16:50
TRA3250,T02-TUT(1861),Fr 10:30 - 11:50
TRA3260,L01-LEC(1862),Mo 13:30 - 15:20
TRA3260,T01-TUT(1863),We 13:30 - 14:20
TRA3280,L01-LEC(1864),Tu 10:30 - 11:50
TRA3280,T01-TUT(1865),Th 10:30 - 11:50
TRA3310,L01-LEC(1866),Tu 15:30 - 16:50
TRA3310,T01-TUT(1867),Th 15:30 - 16:50
TRA4030,L01-LEC(2249),TBA
URM2010,L01-LEC(2482),MoWe 08:30 - 09:50
URM2040,L01-LEC(2483),Mo 10:30 - 11:50
URM2040,T01-TUT(2484),We 10:30 - 11:50
